,code,name,category,location.latitude,location.longitude,location.street.id
0,no-further-action,Investigation complete; no suspect identified,bicycle-theft,51.534795,-0.034636,1692295
1,court-result-unavailable,Court result unavailable,drugs,51.526321,-0.063099,1688697
2,no-further-action,Investigation complete; no suspect identified,violent-crime,51.525476,-0.024845,1693114
3,no-further-action,Investigation complete; no suspect identified,shoplifting,51.519193,-0.075603,1686584
4,no-further-action,Investigation complete; no suspect identified,other-theft,51.518258,-0.071498,1687256
5,no-further-action,Investigation complete; no suspect identified,robbery,51.514451,-0.028594,1692988
6,no-further-action,Investigation complete; no suspect identified,violent-crime,51.514270,-0.004043,1695651
7,no-further-action,Investigation complete; no suspect identified,violent-crime,51.514897,-0.046620,1690888
8,no-further-action,Investigation complete; no suspect identified,bicycle-theft,51.510800,-0.060385,1689018
9,no-further-action,Investigation complete; no suspect identified,violent-crime,51.519078,-0.061215,1688954
10,no-further-action,Investigation complete; no suspect identified,violent-crime,51.518249,-0.068212,1687816
11,no-further-action,Investigation complete; no suspect identified,robbery,51.506877,-0.067324,1687936
12,no-further-action,Investigation complete; no suspect identified,burglary,51.524036,-0.056521,1689526
13,no-further-action,Investigation complete; no suspect identified,theft-from-the-person,51.516866,-0.066685,1688029
14,no-further-action,Investigation complete; no suspect identified,vehicle-crime,51.512983,-0.049440,1690500
15,no-further-action,Investigation complete; no suspect identified,criminal-damage-arson,51.520539,-0.058760,1689312
16,no-further-action,Investigation complete; no suspect identified,violent-crime,51.516876,-0.076053,1686564
17,no-further-action,Investigation complete; no suspect identified,violent-crime,51.525166,-0.028347,1693017
18,no-further-action,Investigation complete; no suspect identified,vehicle-crime,51.512038,-0.035385,1692262
19,no-further-action,Investigation complete; no suspect identified,violent-crime,51.529334,-0.051177,1690347
20,no-further-action,Investigation complete; no suspect identified,burglary,51.539160,-0.024138,1693548
21,no-further-action,Investigation complete; no suspect identified,vehicle-crime,51.498025,-0.021336,1693840
22,no-further-action,Investigation complete; no suspect identified,vehicle-crime,51.515594,-0.067561,1687926
23,no-further-action,Investigation complete; no suspect identified,violent-crime,51.488019,-0.015618,1694431
24,no-further-action,Investigation complete; no suspect identified,burglary,51.520402,-0.046744,1690852
25,no-further-action,Investigation complete; no suspect identified,violent-crime,51.516234,-0.035680,1692198
26,no-further-action,Investigation complete; no suspect identified,burglary,51.535725,-0.022023,1693744
27,no-further-action,Investigation complete; no suspect identified,burglary,51.509945,-0.026901,1693166
28,no-further-action,Investigation complete; no suspect identified,other-theft,51.512642,-0.076145,1490946
29,no-further-action,Investigation complete; no suspect identified,shoplifting,51.527833,-0.021673,1693795
30,no-further-action,Investigation complete; no suspect identified,violent-crime,51.522725,-0.063698,1688607
31,no-further-action,Investigation complete; no suspect identified,violent-crime,51.522725,-0.063698,1688607
32,no-further-action,Investigation complete; no suspect identified,theft-from-the-person,51.524424,-0.036597,1692129
33,no-further-action,Investigation complete; no suspect identified,violent-crime,51.512642,-0.076145,1490946
34,no-further-action,Investigation complete; no suspect identified,violent-crime,51.508008,-0.022993,1693470
35,no-further-action,Investigation complete; no suspect identified,criminal-damage-arson,51.538188,-0.045031,1691030
36,no-further-action,Investigation complete; no suspect identified,bicycle-theft,51.519576,-0.057605,1689443
37,no-further-action,Investigation complete; no suspect identified,other-theft,51.511164,-0.075401,1490951
38,no-further-action,Investigation complete; no suspect identified,vehicle-crime,51.509469,-0.036058,1691967
39,no-further-action,Investigation complete; no suspect identified,violent-crime,51.529815,-0.063931,1688470
40,no-further-action,Investigation complete; no suspect identified,violent-crime,51.524764,-0.048360,1690747
41,no-further-action,Investigation complete; no suspect identified,burglary,51.527316,-0.046636,1690898
42,no-further-action,Investigation complete; no suspect identified,theft-from-the-person,51.527610,-0.020702,1693861
43,no-further-action,Investigation complete; no suspect identified,public-order,51.500073,-0.025454,1693335
44,no-further-action,Investigation complete; no suspect identified,public-order,51.526279,-0.052966,1689892
45,no-further-action,Investigation complete; no suspect identified,violent-crime,51.496903,-0.007625,1695358
46,no-further-action,Investigation complete; no suspect identified,violent-crime,51.526811,-0.044928,1691008
47,no-further-action,Investigation complete; no suspect identified,shoplifting,51.504937,-0.019523,1693948
48,no-further-action,Investigation complete; no suspect identified,burglary,51.528239,-0.048067,1690744
49,court-result-unavailable,Court result unavailable,violent-crime,51.498473,-0.014833,1694535
50,no-further-action,Investigation complete; no suspect identified,other-theft,51.532759,-0.059278,1689207
51,no-further-action,Investigation complete; no suspect identified,bicycle-theft,51.514627,-0.072156,1687219
52,no-further-action,Investigation complete; no suspect identified,criminal-damage-arson,51.516532,-0.015965,1694446
53,no-further-action,Investigation complete; no suspect identified,theft-from-the-person,51.519917,-0.063587,1688609
54,no-further-action,Investigation complete; no suspect identified,violent-crime,51.489309,-0.021699,1693796
55,no-further-action,Investigation complete; no suspect identified,other-theft,51.512661,-0.009878,1695138
56,no-further-action,Investigation complete; no suspect identified,shoplifting,51.527833,-0.021673,1693795
57,no-further-action,Investigation complete; no suspect identified,shoplifting,51.519620,-0.074496,1686908
58,no-further-action,Investigation complete; no suspect identified,burglary,51.515178,-0.076716,1490945
59,no-further-action,Investigation complete; no suspect identified,public-order,51.538496,-0.042985,1691371
60,no-further-action,Investigation complete; no suspect identified,theft-from-the-person,51.517321,-0.075761,1686640
61,no-further-action,Investigation complete; no suspect identified,shoplifting,51.528410,-0.049703,1690498
62,no-further-action,Investigation complete; no suspect identified,bicycle-theft,51.517941,-0.074063,1686957
63,no-further-action,Investigation complete; no suspect identified,public-order,51.501220,-0.021471,1693854
64,court-result-unavailable,Court result unavailable,violent-crime,51.527032,-0.062016,1688810
65,no-further-action,Investigation complete; no suspect identified,violent-crime,51.527225,-0.055246,1689773
66,no-further-action,Investigation complete; no suspect identified,vehicle-crime,51.490793,-0.007892,1695270
67,no-further-action,Investigation complete; no suspect identified,other-theft,51.504937,-0.019523,1693948
68,no-further-action,Investigation complete; no suspect identified,other-theft,51.516679,-0.072257,1687165
69,no-further-action,Investigation complete; no suspect identified,violent-crime,51.509487,-0.023779,1693532
70,no-further-action,Investigation complete; no suspect identified,violent-crime,51.516679,-0.072257,1687165
71,no-further-action,Investigation complete; no suspect identified,robbery,51.507910,-0.007088,1695440
72,court-result-unavailable,Court result unavailable,drugs,51.512683,-0.042174,1691418
73,no-further-action,Investigation complete; no suspect identified,public-order,51.505114,-0.020928,1693749
74,no-further-action,Investigation complete; no suspect identified,drugs,51.497217,-0.012366,1694865
75,court-result-unavailable,Court result unavailable,violent-crime,51.511719,-0.013205,1694734
76,no-further-action,Investigation complete; no suspect identified,robbery,51.506463,-0.071708,1686673
77,no-further-action,Investigation complete; no suspect identified,robbery,51.521122,-0.011945,1694913
78,no-further-action,Investigation complete; no suspect identified,theft-from-the-person,51.509446,-0.002250,1695863
79,no-further-action,Investigation complete; no suspect identified,burglary,51.513898,-0.010199,1695000
80,no-further-action,Investigation complete; no suspect identified,theft-from-the-person,51.522294,-0.043132,1691299
81,no-further-action,Investigation complete; no suspect identified,violent-crime,51.504937,-0.019523,1693948
82,no-further-action,Investigation complete; no suspect identified,violent-crime,51.515951,-0.025286,1693352
83,no-further-action,Investigation complete; no suspect identified,violent-crime,51.515951,-0.025286,1693352
84,no-further-action,Investigation complete; no suspect identified,violent-crime,51.525145,-0.042072,1691392
85,no-further-action,Investigation complete; no suspect identified,burglary,51.498000,-0.020890,1693879
86,no-further-action,Investigation complete; no suspect identified,other-theft,51.510800,-0.060385,1689018
87,no-further-action,Investigation complete; no suspect identified,vehicle-crime,51.535691,-0.022979,1693489
88,no-further-action,Investigation complete; no suspect identified,vehicle-crime,51.517212,-0.056596,1689587
89,no-further-action,Investigation complete; no suspect identified,violent-crime,51.512330,-0.022791,1693492
90,no-further-action,Investigation complete; no suspect identified,burglary,51.531478,-0.023447,1693592
91,no-further-action,Investigation complete; no suspect identified,violent-crime,51.527225,-0.060148,1689125
92,no-further-action,Investigation complete; no suspect identified,violent-crime,51.499050,-0.008036,1695325
93,no-further-action,Investigation complete; no suspect identified,criminal-damage-arson,51.522543,-0.032266,1692610
94,no-further-action,Investigation complete; no suspect identified,other-theft,51.526936,-0.037325,1691853
95,no-further-action,Investigation complete; no suspect identified,other-theft,51.526936,-0.037325,1691853
96,no-further-action,Investigation complete; no suspect identified,bicycle-theft,51.507944,-0.057898,1689135
97,no-further-action,Investigation complete; no suspect identified,bicycle-theft,51.507944,-0.057898,1689135
98,no-further-action,Investigation complete; no suspect identified,vehicle-crime,51.527225,-0.060148,1689125
99,no-further-action,Investigation complete; no suspect identified,public-order,51.494253,-0.013619,1694668
100,no-further-action,Investigation complete; no suspect identified,violent-crime,51.516866,-0.066685,1688029
101,unable-to-prosecute,Unable to prosecute suspect,shoplifting,51.513647,-0.074330,1490955
102,no-further-action,Investigation complete; no suspect identified,theft-from-the-person,51.522294,-0.043132,1691299
103,no-further-action,Investigation complete; no suspect identified,drugs,51.526195,-0.018961,1694023
104,no-further-action,Investigation complete; no suspect identified,public-order,51.522820,-0.046136,1690972
105,no-further-action,Investigation complete; no suspect identified,theft-from-the-person,51.498833,-0.014327,1694618
106,no-further-action,Investigation complete; no suspect identified,violent-crime,51.499731,-0.009476,1695119
107,no-further-action,Investigation complete; no suspect identified,drugs,51.511132,-0.071266,1687231
108,no-further-action,Investigation complete; no suspect identified,public-order,51.514459,-0.070160,1687547
109,no-further-action,Investigation complete; no suspect identified,robbery,51.527355,-0.024274,1693444
110,no-further-action,Investigation complete; no suspect identified,other-theft,51.513462,-0.071326,1687332
111,no-further-action,Investigation complete; no suspect identified,theft-from-the-person,51.508109,-0.008736,1695101
112,no-further-action,Investigation complete; no suspect identified,violent-crime,51.529278,-0.048873,1690595
113,no-further-action,Investigation complete; no suspect identified,robbery,51.519119,-0.056615,1689543
114,no-further-action,Investigation complete; no suspect identified,violent-crime,51.530506,-0.021802,1693792
115,no-further-action,Investigation complete; no suspect identified,other-theft,51.519052,-0.076567,1686514
116,no-further-action,Investigation complete; no suspect identified,theft-from-the-person,51.520714,-0.072003,1687289
117,no-further-action,Investigation complete; no suspect identified,other-theft,51.517217,-0.058527,1689305
118,court-result-unavailable,Court result unavailable,drugs,51.522582,-0.070840,1687370
119,no-further-action,Investigation complete; no suspect identified,criminal-damage-arson,51.532156,-0.063010,1688692
120,no-further-action,Investigation complete; no suspect identified,theft-from-the-person,51.527285,-0.036675,1692128
121,no-further-action,Investigation complete; no suspect identified,shoplifting,51.498740,-0.021607,1693757
122,no-further-action,Investigation complete; no suspect identified,robbery,51.529886,-0.019161,1694052
123,no-further-action,Investigation complete; no suspect identified,criminal-damage-arson,51.510629,-0.039308,1691770
124,court-result-unavailable,Court result unavailable,burglary,51.532034,-0.060549,1688989
125,no-further-action,Investigation complete; no suspect identified,violent-crime,51.511164,-0.075401,1490951
126,court-result-unavailable,Court result unavailable,possession-of-weapons,51.518087,-0.065495,1688326
127,no-further-action,Investigation complete; no suspect identified,drugs,51.515684,-0.071909,1687267
128,no-further-action,Investigation complete; no suspect identified,public-order,51.498839,-0.010927,1694908
129,no-further-action,Investigation complete; no suspect identified,violent-crime,51.537433,-0.046650,1690883
130,no-further-action,Investigation complete; no suspect identified,public-order,51.519161,-0.059165,1689073
131,no-further-action,Investigation complete; no suspect identified,violent-crime,51.514459,-0.070160,1687547
132,no-further-action,Investigation complete; no suspect identified,violent-crime,51.489309,-0.021699,1693796
133,no-further-action,Investigation complete; no suspect identified,violent-crime,51.534965,-0.029755,1692857
134,no-further-action,Investigation complete; no suspect identified,bicycle-theft,51.526733,-0.022066,1693734
135,no-further-action,Investigation complete; no suspect identified,criminal-damage-arson,51.523843,-0.043829,1691164
136,no-further-action,Investigation complete; no suspect identified,public-order,51.522919,-0.060764,1689051
137,no-further-action,Investigation complete; no suspect identified,violent-crime,51.531889,-0.058854,1689303
138,no-further-action,Investigation complete; no suspect identified,public-order,51.500330,-0.017778,1694224
139,no-further-action,Investigation complete; no suspect identified,public-order,51.511522,-0.019137,1694018
140,no-further-action,Investigation complete; no suspect identified,violent-crime,51.515816,-0.056482,1689527
141,no-further-action,Investigation complete; no suspect identified,violent-crime,51.518744,-0.061676,1688865
142,court-result-unavailable,Court result unavailable,violent-crime,51.513764,-0.013447,1694684
143,no-further-action,Investigation complete; no suspect identified,robbery,51.521516,-0.010270,1695116
144,no-further-action,Investigation complete; no suspect identified,drugs,51.511132,-0.071266,1687231
145,no-further-action,Investigation complete; no suspect identified,violent-crime,51.525145,-0.042072,1691392
146,no-further-action,Investigation complete; no suspect identified,public-order,51.520429,-0.030570,1692822
147,no-further-action,Investigation complete; no suspect identified,theft-from-the-person,51.525814,-0.028867,1693024
148,no-further-action,Investigation complete; no suspect identified,violent-crime,51.496945,-0.021800,1693788
149,no-further-action,Investigation complete; no suspect identified,bicycle-theft,51.526641,-0.067579,1687962
150,no-further-action,Investigation complete; no suspect identified,theft-from-the-person,51.528782,-0.069467,1687714
151,no-further-action,Investigation complete; no suspect identified,burglary,51.491921,-0.025172,1693446
152,no-further-action,Investigation complete; no suspect identified,other-theft,51.489309,-0.021699,1693796
153,no-further-action,Investigation complete; no suspect identified,public-order,51.519062,-0.071695,1687295
154,no-further-action,Investigation complete; no suspect identified,robbery,51.509075,-0.069767,1687559
155,no-further-action,Investigation complete; no suspect identified,robbery,51.509075,-0.069767,1687559
156,no-further-action,Investigation complete; no suspect identified,robbery,51.509075,-0.069767,1687559
157,no-further-action,Investigation complete; no suspect identified,shoplifting,51.527833,-0.021673,1693795
158,no-further-action,Investigation complete; no suspect identified,other-theft,51.515225,-0.069709,1687574
159,penalty-notice-issued,Offender given penalty notice,drugs,51.519461,-0.054482,1689820
160,no-further-action,Investigation complete; no suspect identified,theft-from-the-person,51.526338,-0.065765,1688275
161,no-further-action,Investigation complete; no suspect identified,violent-crime,51.532487,-0.056797,1689525
162,no-further-action,Investigation complete; no suspect identified,other-theft,51.514451,-0.028594,1692988
163,no-further-action,Investigation complete; no suspect identified,drugs,51.505368,-0.056581,1689494
164,no-further-action,Investigation complete; no suspect identified,vehicle-crime,51.512998,-0.003262,1695747
165,no-further-action,Investigation complete; no suspect identified,theft-from-the-person,51.520222,-0.075566,1686717
166,no-further-action,Investigation complete; no suspect identified,violent-crime,51.491712,-0.022877,1693647
167,local-resolution,Local resolution,violent-crime,51.511140,-0.016228,1694389
168,no-further-action,Investigation complete; no suspect identified,robbery,51.507910,-0.007088,1695440
169,no-further-action,Investigation complete; no suspect identified,theft-from-the-person,51.517885,-0.075636,1686711
170,no-further-action,Investigation complete; no suspect identified,violent-crime,51.536350,-0.056155,1689459
171,no-further-action,Investigation complete; no suspect identified,violent-crime,51.515307,-0.047481,1690873
172,no-further-action,Investigation complete; no suspect identified,violent-crime,51.515307,-0.047481,1690873
173,no-further-action,Investigation complete; no suspect identified,violent-crime,51.515307,-0.047481,1690873
174,no-further-action,Investigation complete; no suspect identified,public-order,51.525814,-0.028867,1693024
175,no-further-action,Investigation complete; no suspect identified,shoplifting,51.515951,-0.025286,1693352
176,no-further-action,Investigation complete; no suspect identified,other-theft,51.508673,-0.026149,1693325
177,no-further-action,Investigation complete; no suspect identified,violent-crime,51.524433,-0.047408,1690843
178,no-further-action,Investigation complete; no suspect identified,violent-crime,51.532448,-0.064900,1688416
179,no-further-action,Investigation complete; no suspect identified,burglary,51.522846,-0.049278,1690510
180,local-resolution,Local resolution,drugs,51.524036,-0.056521,1689526
181,no-further-action,Investigation complete; no suspect identified,criminal-damage-arson,51.520539,-0.058760,1689312
182,no-further-action,Investigation complete; no suspect identified,robbery,51.495641,-0.026582,1692992
183,no-further-action,Investigation complete; no suspect identified,burglary,51.509306,-0.064656,1688469
184,no-further-action,Investigation complete; no suspect identified,other-theft,51.512763,-0.013794,1694610
185,no-further-action,Investigation complete; no suspect identified,other-theft,51.517217,-0.058527,1689305
186,no-further-action,Investigation complete; no suspect identified,other-theft,51.517217,-0.058527,1689305
187,no-further-action,Investigation complete; no suspect identified,other-theft,51.507428,-0.067517,1687944
188,no-further-action,Investigation complete; no suspect identified,violent-crime,51.508842,-0.057831,1689143
189,no-further-action,Investigation complete; no suspect identified,violent-crime,51.508842,-0.057831,1689143
190,no-further-action,Investigation complete; no suspect identified,violent-crime,51.508842,-0.057831,1689143
191,no-further-action,Investigation complete; no suspect identified,other-theft,51.521308,-0.046576,1690975
192,no-further-action,Investigation complete; no suspect identified,violent-crime,51.518220,-0.065331,1688281
193,no-further-action,Investigation complete; no suspect identified,other-theft,51.523953,-0.072728,1687112
194,no-further-action,Investigation complete; no suspect identified,violent-crime,51.499739,-0.021074,1693849
195,no-further-action,Investigation complete; no suspect identified,violent-crime,51.516834,-0.070175,1687414
196,no-further-action,Investigation complete; no suspect identified,theft-from-the-person,51.522569,-0.044576,1691124
197,no-further-action,Investigation complete; no suspect identified,theft-from-the-person,51.519620,-0.074496,1686908
198,no-further-action,Investigation complete; no suspect identified,violent-crime,51.517132,-0.052837,1690103
199,no-further-action,Investigation complete; no suspect identified,violent-crime,51.513162,-0.004437,1695641
200,no-further-action,Investigation complete; no suspect identified,shoplifting,51.527833,-0.021673,1693795
201,no-further-action,Investigation complete; no suspect identified,violent-crime,51.501220,-0.021471,1693854
202,no-further-action,Investigation complete; no suspect identified,public-order,51.521966,-0.046649,1690951
203,no-further-action,Investigation complete; no suspect identified,burglary,51.528239,-0.048067,1690744
204,no-further-action,Investigation complete; no suspect identified,burglary,51.529866,-0.030264,1692757
205,no-further-action,Investigation complete; no suspect identified,violent-crime,51.526797,-0.058191,1689401
206,no-further-action,Investigation complete; no suspect identified,violent-crime,51.521377,-0.048591,1690650
207,court-result-unavailable,Court result unavailable,violent-crime,51.531250,-0.024350,1693506
208,court-result-unavailable,Court result unavailable,violent-crime,51.532536,-0.032917,1692409
209,no-further-action,Investigation complete; no suspect identified,other-theft,51.496055,-0.014376,1694605
210,no-further-action,Investigation complete; no suspect identified,theft-from-the-person,51.520714,-0.072003,1687289
211,no-further-action,Investigation complete; no suspect identified,theft-from-the-person,51.526341,-0.029205,1692925
212,no-further-action,Investigation complete; no suspect identified,violent-crime,51.515875,-0.037887,1691988
213,no-further-action,Investigation complete; no suspect identified,theft-from-the-person,51.511010,-0.026062,1693266
214,no-further-action,Investigation complete; no suspect identified,violent-crime,51.512763,-0.013794,1694610
215,no-further-action,Investigation complete; no suspect identified,theft-from-the-person,51.523953,-0.072728,1687112
216,no-further-action,Investigation complete; no suspect identified,other-theft,51.516128,-0.071588,1687357
217,no-further-action,Investigation complete; no suspect identified,violent-crime,51.525793,-0.069234,1687693
218,no-further-action,Investigation complete; no suspect identified,other-theft,51.516834,-0.070175,1687414
219,no-further-action,Investigation complete; no suspect identified,shoplifting,51.520539,-0.058760,1689312
220,no-further-action,Investigation complete; no suspect identified,theft-from-the-person,51.524032,-0.071542,1687315
221,no-further-action,Investigation complete; no suspect identified,violent-crime,51.512745,-0.011690,1694827
222,no-further-action,Investigation complete; no suspect identified,vehicle-crime,51.510612,-0.066964,1688070
223,court-result-unavailable,Court result unavailable,burglary,51.512300,-0.036285,1691926
224,no-further-action,Investigation complete; no suspect identified,drugs,51.521347,-0.038142,1691892
225,no-further-action,Investigation complete; no suspect identified,burglary,51.513982,-0.062469,1688782
226,no-further-action,Investigation complete; no suspect identified,theft-from-the-person,51.517165,-0.028981,1692878
227,no-further-action,Investigation complete; no suspect identified,theft-from-the-person,51.519461,-0.054482,1689820
228,no-further-action,Investigation complete; no suspect identified,bicycle-theft,51.518087,-0.065495,1688326
229,no-further-action,Investigation complete; no suspect identified,vehicle-crime,51.514771,-0.042820,1691408
230,no-further-action,Investigation complete; no suspect identified,theft-from-the-person,51.520714,-0.072003,1687289
231,no-further-action,Investigation complete; no suspect identified,theft-from-the-person,51.520714,-0.072003,1687289
232,no-further-action,Investigation complete; no suspect identified,robbery,51.520378,-0.068641,1687670
233,no-further-action,Investigation complete; no suspect identified,theft-from-the-person,51.521966,-0.046649,1690951
234,no-further-action,Investigation complete; no suspect identified,violent-crime,51.509934,-0.067339,1687961
235,no-further-action,Investigation complete; no suspect identified,shoplifting,51.525814,-0.028867,1693024
236,no-further-action,Investigation complete; no suspect identified,violent-crime,51.522358,-0.051864,1690161
237,no-further-action,Investigation complete; no suspect identified,other-theft,51.518808,-0.071590,1687325
238,no-further-action,Investigation complete; no suspect identified,other-theft,51.506594,-0.056197,1689671
239,no-further-action,Investigation complete; no suspect identified,criminal-damage-arson,51.504937,-0.019523,1693948
240,no-further-action,Investigation complete; no suspect identified,vehicle-crime,51.498740,-0.021607,1693757
241,no-further-action,Investigation complete; no suspect identified,theft-from-the-person,51.516942,-0.073485,1687007
242,no-further-action,Investigation complete; no suspect identified,violent-crime,51.522627,-0.064308,1688462
243,no-further-action,Investigation complete; no suspect identified,other-theft,51.514856,-0.068615,1687650
244,court-result-unavailable,Court result unavailable,drugs,51.515971,-0.075674,1686701
245,no-further-action,Investigation complete; no suspect identified,vehicle-crime,51.519961,-0.066237,1688103
246,no-further-action,Investigation complete; no suspect identified,theft-from-the-person,51.504540,-0.018892,1694065
247,no-further-action,Investigation complete; no suspect identified,violent-crime,51.522003,-0.071715,1687316
248,no-further-action,Investigation complete; no suspect identified,other-theft,51.521966,-0.046649,1690951
249,cautioned,Offender given a caution,drugs,51.520823,-0.045559,1691005
250,no-further-action,Investigation complete; no suspect identified,robbery,51.527355,-0.024274,1693444
251,no-further-action,Investigation complete; no suspect identified,violent-crime,51.521377,-0.048591,1690650
252,no-further-action,Investigation complete; no suspect identified,violent-crime,51.521377,-0.048591,1690650
253,no-further-action,Investigation complete; no suspect identified,theft-from-the-person,51.524807,-0.074364,1686929
254,no-further-action,Investigation complete; no suspect identified,violent-crime,51.525145,-0.042072,1691392
255,no-further-action,Investigation complete; no suspect identified,violent-crime,51.512960,-0.055638,1689623
256,no-further-action,Investigation complete; no suspect identified,violent-crime,51.512960,-0.055638,1689623
257,no-further-action,Investigation complete; no suspect identified,violent-crime,51.512960,-0.055638,1689623
258,no-further-action,Investigation complete; no suspect identified,violent-crime,51.498093,-0.018941,1694048
259,no-further-action,Investigation complete; no suspect identified,violent-crime,51.525166,-0.028347,1693017
260,no-further-action,Investigation complete; no suspect identified,violent-crime,51.508488,-0.001947,1695874
261,no-further-action,Investigation complete; no suspect identified,theft-from-the-person,51.516982,-0.064979,1688365
262,no-further-action,Investigation complete; no suspect identified,violent-crime,51.508008,-0.022993,1693470
263,no-further-action,Investigation complete; no suspect identified,criminal-damage-arson,51.535472,-0.021947,1693736
264,court-result-unavailable,Court result unavailable,possession-of-weapons,51.511522,-0.019137,1694018
265,no-further-action,Investigation complete; no suspect identified,shoplifting,51.518307,-0.074999,1686743
266,no-further-action,Investigation complete; no suspect identified,violent-crime,51.514269,-0.054833,1689902
267,no-further-action,Investigation complete; no suspect identified,violent-crime,51.506657,-0.005874,1695458
268,no-further-action,Investigation complete; no suspect identified,criminal-damage-arson,51.538314,-0.041262,1691393
269,no-further-action,Investigation complete; no suspect identified,criminal-damage-arson,51.538314,-0.041262,1691393
270,no-further-action,Investigation complete; no suspect identified,violent-crime,51.520378,-0.068641,1687670
271,no-further-action,Investigation complete; no suspect identified,shoplifting,51.496945,-0.021800,1693788
272,no-further-action,Investigation complete; no suspect identified,violent-crime,51.516408,-0.036408,1692071
273,no-further-action,Investigation complete; no suspect identified,violent-crime,51.523130,-0.048011,1690746
274,no-further-action,Investigation complete; no suspect identified,public-order,51.526843,-0.059876,1689100
275,no-further-action,Investigation complete; no suspect identified,vehicle-crime,51.492568,-0.021385,1693829
276,no-further-action,Investigation complete; no suspect identified,robbery,51.500171,-0.011027,1694905
277,no-further-action,Investigation complete; no suspect identified,violent-crime,51.525166,-0.028347,1693017
278,no-further-action,Investigation complete; no suspect identified,violent-crime,51.518258,-0.071498,1687256
279,no-further-action,Investigation complete; no suspect identified,vehicle-crime,51.516899,-0.057229,1689371
280,no-further-action,Investigation complete; no suspect identified,violent-crime,51.514451,-0.028594,1692988
281,no-further-action,Investigation complete; no suspect identified,violent-crime,51.515307,-0.047481,1690873
282,no-further-action,Investigation complete; no suspect identified,other-theft,51.504623,-0.016299,1694351
283,no-further-action,Investigation complete; no suspect identified,burglary,51.523196,-0.051411,1690282
284,no-further-action,Investigation complete; no suspect identified,violent-crime,51.521377,-0.048591,1690650
285,no-further-action,Investigation complete; no suspect identified,other-theft,51.519078,-0.061215,1688954
286,penalty-notice-issued,Offender given penalty notice,criminal-damage-arson,51.516679,-0.072257,1687165
287,no-further-action,Investigation complete; no suspect identified,criminal-damage-arson,51.516679,-0.072257,1687165
288,no-further-action,Investigation complete; no suspect identified,violent-crime,51.524603,-0.010395,1694864
289,no-further-action,Investigation complete; no suspect identified,other-theft,51.525576,-0.071391,1687387
290,no-further-action,Investigation complete; no suspect identified,public-order,51.528179,-0.048790,1690529
291,no-further-action,Investigation complete; no suspect identified,public-order,51.519961,-0.066237,1688103
292,no-further-action,Investigation complete; no suspect identified,theft-from-the-person,51.512988,-0.066561,1688106
293,no-further-action,Investigation complete; no suspect identified,violent-crime,51.501547,-0.025405,1693421
294,no-further-action,Investigation complete; no suspect identified,criminal-damage-arson,51.517692,-0.020800,1693907
295,no-further-action,Investigation complete; no suspect identified,violent-crime,51.528117,-0.053709,1689926
296,no-further-action,Investigation complete; no suspect identified,vehicle-crime,51.526811,-0.044928,1691008
297,no-further-action,Investigation complete; no suspect identified,violent-crime,51.511181,-0.051390,1690138
298,no-further-action,Investigation complete; no suspect identified,violent-crime,51.525740,-0.043777,1691298
299,no-further-action,Investigation complete; no suspect identified,bicycle-theft,51.522713,-0.039150,1691730
300,no-further-action,Investigation complete; no suspect identified,violent-crime,51.509133,-0.061248,1688928
301,drugs-possession-warning,Offender given a drugs possession warning,drugs,51.514924,-0.074925,1490949
302,no-further-action,Investigation complete; no suspect identified,burglary,51.532557,-0.037357,1691959
303,no-further-action,Investigation complete; no suspect identified,violent-crime,51.528453,-0.050638,1690425
304,no-further-action,Investigation complete; no suspect identified,theft-from-the-person,51.516679,-0.072257,1687165
305,no-further-action,Investigation complete; no suspect identified,burglary,51.519660,-0.074192,1686921
306,no-further-action,Investigation complete; no suspect identified,other-crime,51.527833,-0.021673,1693795
307,no-further-action,Investigation complete; no suspect identified,violent-crime,51.512519,-0.046375,1690896
308,no-further-action,Investigation complete; no suspect identified,other-theft,51.511181,-0.051390,1690138
309,no-further-action,Investigation complete; no suspect identified,criminal-damage-arson,51.512921,-0.025850,1693330
310,no-further-action,Investigation complete; no suspect identified,bicycle-theft,51.522569,-0.044576,1691124
311,no-further-action,Investigation complete; no suspect identified,drugs,51.522936,-0.037453,1692038
312,no-further-action,Investigation complete; no suspect identified,public-order,51.523953,-0.072728,1687112
313,no-further-action,Investigation complete; no suspect identified,public-order,51.523953,-0.072728,1687112
314,no-further-action,Investigation complete; no suspect identified,other-theft,51.525145,-0.042072,1691392
315,no-further-action,Investigation complete; no suspect identified,public-order,51.512683,-0.042174,1691418
316,no-further-action,Investigation complete; no suspect identified,drugs,51.527225,-0.060148,1689125
317,no-further-action,Investigation complete; no suspect identified,drugs,51.527225,-0.060148,1689125
318,no-further-action,Investigation complete; no suspect identified,vehicle-crime,51.516665,-0.032448,1692555
319,no-further-action,Investigation complete; no suspect identified,violent-crime,51.504954,-0.019450,1694097
320,no-further-action,Investigation complete; no suspect identified,burglary,51.526641,-0.067579,1687962
321,no-further-action,Investigation complete; no suspect identified,violent-crime,51.514280,-0.054962,1689826
322,no-further-action,Investigation complete; no suspect identified,burglary,51.531855,-0.050853,1690329
323,no-further-action,Investigation complete; no suspect identified,theft-from-the-person,51.516866,-0.066685,1688029
324,no-further-action,Investigation complete; no suspect identified,violent-crime,51.508404,-0.070531,1687236
325,no-further-action,Investigation complete; no suspect identified,criminal-damage-arson,51.530916,-0.023168,1693610
326,no-further-action,Investigation complete; no suspect identified,shoplifting,51.504954,-0.019450,1694097
327,no-further-action,Investigation complete; no suspect identified,other-theft,51.512683,-0.042174,1691418
328,no-further-action,Investigation complete; no suspect identified,violent-crime,51.537288,-0.027780,1693063
329,local-resolution,Local resolution,shoplifting,51.514347,-0.055723,1689678
330,no-further-action,Investigation complete; no suspect identified,theft-from-the-person,51.519269,-0.073387,1687009
331,local-resolution,Local resolution,drugs,51.516522,-0.019640,1694047
332,no-further-action,Investigation complete; no suspect identified,bicycle-theft,51.516483,-0.023231,1693627
333,no-further-action,Investigation complete; no suspect identified,vehicle-crime,51.511341,-0.011103,1694971
334,no-further-action,Investigation complete; no suspect identified,violent-crime,51.536818,-0.028738,1692986
335,no-further-action,Investigation complete; no suspect identified,vehicle-crime,51.498565,-0.022940,1693527
336,no-further-action,Investigation complete; no suspect identified,theft-from-the-person,51.516834,-0.070175,1687414
337,no-further-action,Investigation complete; no suspect identified,violent-crime,51.538649,-0.026366,1693165
338,no-further-action,Investigation complete; no suspect identified,violent-crime,51.538649,-0.026366,1693165
339,no-further-action,Investigation complete; no suspect identified,violent-crime,51.538649,-0.026366,1693165
340,no-further-action,Investigation complete; no suspect identified,other-theft,51.514098,-0.062997,1688568
341,no-further-action,Investigation complete; no suspect identified,violent-crime,51.525145,-0.042072,1691392
342,no-further-action,Investigation complete; no suspect identified,other-theft,51.496828,-0.011158,1694926
343,no-further-action,Investigation complete; no suspect identified,other-theft,51.496828,-0.011158,1694926
344,no-further-action,Investigation complete; no suspect identified,robbery,51.508588,-0.074039,1686590
345,no-further-action,Investigation complete; no suspect identified,drugs,51.518131,-0.021762,1693654
346,no-further-action,Investigation complete; no suspect identified,burglary,51.521516,-0.010270,1695116
347,no-further-action,Investigation complete; no suspect identified,vehicle-crime,51.497500,-0.008349,1695209
348,no-further-action,Investigation complete; no suspect identified,criminal-damage-arson,51.528827,-0.068370,1687739
349,no-further-action,Investigation complete; no suspect identified,robbery,51.515971,-0.075674,1686701
350,no-further-action,Investigation complete; no suspect identified,theft-from-the-person,51.524189,-0.013599,1694736
351,no-further-action,Investigation complete; no suspect identified,other-theft,51.513207,-0.026803,1693078
352,no-further-action,Investigation complete; no suspect identified,theft-from-the-person,51.530723,-0.040103,1691706
353,no-further-action,Investigation complete; no suspect identified,shoplifting,51.505114,-0.020928,1693749
354,no-further-action,Investigation complete; no suspect identified,violent-crime,51.522943,-0.040849,1691461
355,no-further-action,Investigation complete; no suspect identified,violent-crime,51.525172,-0.048587,1690612
356,no-further-action,Investigation complete; no suspect identified,violent-crime,51.525172,-0.048587,1690612
357,no-further-action,Investigation complete; no suspect identified,robbery,51.533072,-0.027847,1693043
358,no-further-action,Investigation complete; no suspect identified,violent-crime,51.519078,-0.061215,1688954
359,no-further-action,Investigation complete; no suspect identified,theft-from-the-person,51.521124,-0.074591,1686837
360,no-further-action,Investigation complete; no suspect identified,bicycle-theft,51.519161,-0.059165,1689073
361,no-further-action,Investigation complete; no suspect identified,burglary,51.530148,-0.039580,1691626
362,no-further-action,Investigation complete; no suspect identified,violent-crime,51.515741,-0.060607,1689023
363,local-resolution,Local resolution,drugs,51.525289,-0.021192,1693828
364,no-further-action,Investigation complete; no suspect identified,other-theft,51.496903,-0.007625,1695358
365,no-further-action,Investigation complete; no suspect identified,other-theft,51.489423,-0.019389,1694099
366,no-further-action,Investigation complete; no suspect identified,burglary,51.534485,-0.060286,1689080
367,no-further-action,Investigation complete; no suspect identified,theft-from-the-person,51.514128,-0.053354,1689918
368,no-further-action,Investigation complete; no suspect identified,vehicle-crime,51.519548,-0.057592,1689497
369,no-further-action,Investigation complete; no suspect identified,criminal-damage-arson,51.506468,-0.057298,1689495
370,no-further-action,Investigation complete; no suspect identified,violent-crime,51.497128,-0.024616,1693493
371,no-further-action,Investigation complete; no suspect identified,bicycle-theft,51.518735,-0.057886,1689435
372,no-further-action,Investigation complete; no suspect identified,robbery,51.533485,-0.063898,1688495
373,no-further-action,Investigation complete; no suspect identified,other-theft,51.514781,-0.063516,1688605
374,no-further-action,Investigation complete; no suspect identified,violent-crime,51.498473,-0.014833,1694535
375,no-further-action,Investigation complete; no suspect identified,robbery,51.526481,-0.042967,1691211
376,no-further-action,Investigation complete; no suspect identified,burglary,51.499609,-0.024033,1693562
377,no-further-action,Investigation complete; no suspect identified,burglary,51.499609,-0.024033,1693562
378,no-further-action,Investigation complete; no suspect identified,violent-crime,51.519623,-0.043131,1691309
379,no-further-action,Investigation complete; no suspect identified,vehicle-crime,51.524480,-0.074162,1686922
380,no-further-action,Investigation complete; no suspect identified,burglary,51.515920,-0.058971,1689081
381,no-further-action,Investigation complete; no suspect identified,bicycle-theft,51.525153,-0.033451,1692517
382,no-further-action,Investigation complete; no suspect identified,robbery,51.523751,-0.075778,1686629
383,no-further-action,Investigation complete; no suspect identified,theft-from-the-person,51.519161,-0.059165,1689073
384,no-further-action,Investigation complete; no suspect identified,theft-from-the-person,51.532487,-0.056797,1689525
385,no-further-action,Investigation complete; no suspect identified,violent-crime,51.525740,-0.043777,1691298
386,no-further-action,Investigation complete; no suspect identified,violent-crime,51.520594,-0.020646,1693908
387,no-further-action,Investigation complete; no suspect identified,other-theft,51.535617,-0.055379,1689748
388,no-further-action,Investigation complete; no suspect identified,vehicle-crime,51.530621,-0.051238,1690226
389,no-further-action,Investigation complete; no suspect identified,criminal-damage-arson,51.521065,-0.047105,1690857
390,court-result-unavailable,Court result unavailable,drugs,51.523940,-0.064857,1688407
391,no-further-action,Investigation complete; no suspect identified,violent-crime,51.531889,-0.058854,1689303
392,no-further-action,Investigation complete; no suspect identified,bicycle-theft,51.513586,-0.054833,1689865
393,no-further-action,Investigation complete; no suspect identified,public-order,51.514893,-0.035623,1692221
394,no-further-action,Investigation complete; no suspect identified,other-theft,51.519576,-0.057605,1689443
395,no-further-action,Investigation complete; no suspect identified,vehicle-crime,51.523629,-0.053136,1690015
396,no-further-action,Investigation complete; no suspect identified,criminal-damage-arson,51.529696,-0.062710,1688751
397,no-further-action,Investigation complete; no suspect identified,theft-from-the-person,51.517834,-0.063790,1688627
398,no-further-action,Investigation complete; no suspect identified,vehicle-crime,51.498740,-0.021607,1693757
399,no-further-action,Investigation complete; no suspect identified,burglary,51.500171,-0.011027,1694905
400,no-further-action,Investigation complete; no suspect identified,vehicle-crime,51.526843,-0.059876,1689100
401,no-further-action,Investigation complete; no suspect identified,theft-from-the-person,51.511584,-0.016943,1694305
402,no-further-action,Investigation complete; no suspect identified,other-theft,51.531769,-0.057590,1689476
403,no-further-action,Investigation complete; no suspect identified,other-theft,51.531769,-0.057590,1689476
404,no-further-action,Investigation complete; no suspect identified,theft-from-the-person,51.519269,-0.073387,1687009
405,no-further-action,Investigation complete; no suspect identified,violent-crime,51.514459,-0.070160,1687547
406,no-further-action,Investigation complete; no suspect identified,burglary,51.524216,-0.069070,1687738
407,no-further-action,Investigation complete; no suspect identified,other-theft,51.514459,-0.070160,1687547
408,no-further-action,Investigation complete; no suspect identified,other-theft,51.521230,-0.065189,1688232
409,no-further-action,Investigation complete; no suspect identified,violent-crime,51.525145,-0.042072,1691392
410,no-further-action,Investigation complete; no suspect identified,shoplifting,51.514451,-0.028594,1692988
411,no-further-action,Investigation complete; no suspect identified,drugs,51.518789,-0.041653,1691435
412,no-further-action,Investigation complete; no suspect identified,violent-crime,51.516128,-0.071588,1687357
413,no-further-action,Investigation complete; no suspect identified,violent-crime,51.524546,-0.023559,1693304
414,no-further-action,Investigation complete; no suspect identified,criminal-damage-arson,51.506214,-0.059859,1689132
415,no-further-action,Investigation complete; no suspect identified,burglary,51.509469,-0.036058,1691967
416,no-further-action,Investigation complete; no suspect identified,vehicle-crime,51.531326,-0.029912,1692899
417,no-further-action,Investigation complete; no suspect identified,theft-from-the-person,51.526338,-0.065765,1688275
418,no-further-action,Investigation complete; no suspect identified,public-order,51.533022,-0.063737,1688436
419,no-further-action,Investigation complete; no suspect identified,burglary,51.519244,-0.048452,1690733
420,no-further-action,Investigation complete; no suspect identified,bicycle-theft,51.511181,-0.051390,1690138
421,no-further-action,Investigation complete; no suspect identified,violent-crime,51.522036,-0.056823,1689575
422,no-further-action,Investigation complete; no suspect identified,vehicle-crime,51.525814,-0.028867,1693024
423,no-further-action,Investigation complete; no suspect identified,vehicle-crime,51.525814,-0.028867,1693024
424,no-further-action,Investigation complete; no suspect identified,violent-crime,51.538314,-0.041262,1691393
425,no-further-action,Investigation complete; no suspect identified,violent-crime,51.516408,-0.036408,1692071
426,court-result-unavailable,Court result unavailable,public-order,51.514102,-0.011631,1694840
427,no-further-action,Investigation complete; no suspect identified,violent-crime,51.516834,-0.070175,1687414
428,no-further-action,Investigation complete; no suspect identified,violent-crime,51.518077,-0.038902,1691808
429,court-result-unavailable,Court result unavailable,violent-crime,51.502848,-0.009254,1695004
430,court-result-unavailable,Court result unavailable,drugs,51.518381,-0.028568,1693059
431,no-further-action,Investigation complete; no suspect identified,violent-crime,51.522802,-0.031044,1692752
432,no-further-action,Investigation complete; no suspect identified,theft-from-the-person,51.527610,-0.020702,1693861
433,no-further-action,Investigation complete; no suspect identified,violent-crime,51.506877,-0.067324,1687936
434,no-further-action,Investigation complete; no suspect identified,violent-crime,51.506877,-0.067324,1687936
435,no-further-action,Investigation complete; no suspect identified,theft-from-the-person,51.513276,-0.000570,1695932
436,no-further-action,Investigation complete; no suspect identified,theft-from-the-person,51.527355,-0.024274,1693444
437,local-resolution,Local resolution,drugs,51.523634,-0.075769,1686579
438,no-further-action,Investigation complete; no suspect identified,violent-crime,51.506033,-0.056538,1689664
439,no-further-action,Investigation complete; no suspect identified,robbery,51.514459,-0.070160,1687547
440,no-further-action,Investigation complete; no suspect identified,burglary,51.524753,-0.065630,1688238
441,no-further-action,Investigation complete; no suspect identified,other-theft,51.525166,-0.028347,1693017
442,no-further-action,Investigation complete; no suspect identified,violent-crime,51.525145,-0.042072,1691392
443,no-further-action,Investigation complete; no suspect identified,bicycle-theft,51.531914,-0.041393,1691545
444,no-further-action,Investigation complete; no suspect identified,violent-crime,51.503680,-0.015932,1694399
445,no-further-action,Investigation complete; no suspect identified,violent-crime,51.509818,-0.011429,1694911
446,no-further-action,Investigation complete; no suspect identified,violent-crime,51.516876,-0.076053,1686564
447,no-further-action,Investigation complete; no suspect identified,violent-crime,51.532409,-0.065263,1688269
448,no-further-action,Investigation complete; no suspect identified,shoplifting,51.514347,-0.055723,1689678
449,no-further-action,Investigation complete; no suspect identified,public-order,51.496340,-0.024304,1693474
450,no-further-action,Investigation complete; no suspect identified,vehicle-crime,51.512472,-0.029631,1692843
451,court-result-unavailable,Court result unavailable,possession-of-weapons,51.513567,-0.061319,1688907
452,no-further-action,Investigation complete; no suspect identified,other-theft,51.530506,-0.021802,1693792
453,no-further-action,Investigation complete; no suspect identified,theft-from-the-person,51.496945,-0.021800,1693788
454,no-further-action,Investigation complete; no suspect identified,shoplifting,51.527833,-0.021673,1693795
455,no-further-action,Investigation complete; no suspect identified,violent-crime,51.526641,-0.067579,1687962
456,no-further-action,Investigation complete; no suspect identified,vehicle-crime,51.496945,-0.021800,1693788
457,no-further-action,Investigation complete; no suspect identified,burglary,51.522569,-0.044576,1691124
458,no-further-action,Investigation complete; no suspect identified,burglary,51.523182,-0.070728,1687440
459,no-further-action,Investigation complete; no suspect identified,violent-crime,51.533244,-0.041364,1691490
460,no-further-action,Investigation complete; no suspect identified,violent-crime,51.522815,-0.058245,1689238
461,no-further-action,Investigation complete; no suspect identified,shoplifting,51.514347,-0.055723,1689678
462,no-further-action,Investigation complete; no suspect identified,violent-crime,51.513473,-0.031375,1692581
463,no-further-action,Investigation complete; no suspect identified,criminal-damage-arson,51.534801,-0.031233,1692717
464,no-further-action,Investigation complete; no suspect identified,criminal-damage-arson,51.534801,-0.031233,1692717
465,no-further-action,Investigation complete; no suspect identified,violent-crime,51.519078,-0.061215,1688954
466,local-resolution,Local resolution,drugs,51.505066,-0.017558,1694219
467,no-further-action,Investigation complete; no suspect identified,other-theft,51.506463,-0.071708,1686673
468,no-further-action,Investigation complete; no suspect identified,criminal-damage-arson,51.507550,-0.025693,1693277
469,no-further-action,Investigation complete; no suspect identified,criminal-damage-arson,51.512745,-0.011690,1694827
470,no-further-action,Investigation complete; no suspect identified,vehicle-crime,51.514623,-0.058305,1689370
471,no-further-action,Investigation complete; no suspect identified,other-theft,51.516271,-0.076425,1686492
472,no-further-action,Investigation complete; no suspect identified,violent-crime,51.516866,-0.066685,1688029
473,court-result-unavailable,Court result unavailable,drugs,51.513903,-0.057716,1689383
474,court-result-unavailable,Court result unavailable,drugs,51.521340,-0.033457,1692511
475,penalty-notice-issued,Offender given penalty notice,drugs,51.523223,-0.055763,1689643
476,court-result-unavailable,Court result unavailable,burglary,51.522996,-0.033487,1692267
477,no-further-action,Investigation complete; no suspect identified,violent-crime,51.499832,-0.018073,1694165
478,no-further-action,Investigation complete; no suspect identified,other-theft,51.519117,-0.074518,1686849
479,no-further-action,Investigation complete; no suspect identified,vehicle-crime,51.533273,-0.029122,1692949
480,no-further-action,Investigation complete; no suspect identified,violent-crime,51.498093,-0.018941,1694048
481,no-further-action,Investigation complete; no suspect identified,violent-crime,51.517834,-0.063790,1688627
482,no-further-action,Investigation complete; no suspect identified,violent-crime,51.504954,-0.019450,1694097
483,no-further-action,Investigation complete; no suspect identified,public-order,51.519078,-0.061215,1688954
484,no-further-action,Investigation complete; no suspect identified,violent-crime,51.523581,-0.073104,1686961
485,no-further-action,Investigation complete; no suspect identified,public-order,51.514503,-0.062980,1688764
486,no-further-action,Investigation complete; no suspect identified,drugs,51.525582,-0.059209,1689219
487,no-further-action,Investigation complete; no suspect identified,burglary,51.496945,-0.021800,1693788
488,no-further-action,Investigation complete; no suspect identified,vehicle-crime,51.531516,-0.043443,1691328
489,no-further-action,Investigation complete; no suspect identified,other-theft,51.520981,-0.055585,1689670
490,no-further-action,Investigation complete; no suspect identified,theft-from-the-person,51.521217,-0.070881,1687389
491,no-further-action,Investigation complete; no suspect identified,violent-crime,51.505114,-0.020928,1693749
492,no-further-action,Investigation complete; no suspect identified,other-theft,51.525060,-0.032720,1692549
493,no-further-action,Investigation complete; no suspect identified,other-theft,51.525060,-0.032720,1692549
494,no-further-action,Investigation complete; no suspect identified,violent-crime,51.499911,-0.010534,1695058
495,no-further-action,Investigation complete; no suspect identified,other-theft,51.518898,-0.077078,1686429
496,no-further-action,Investigation complete; no suspect identified,criminal-damage-arson,51.515741,-0.060607,1689023
497,no-further-action,Investigation complete; no suspect identified,other-theft,51.504937,-0.019523,1693948
498,no-further-action,Investigation complete; no suspect identified,theft-from-the-person,51.519576,-0.057605,1689443
499,no-further-action,Investigation complete; no suspect identified,burglary,51.526338,-0.065765,1688275
500,no-further-action,Investigation complete; no suspect identified,vehicle-crime,51.512525,-0.045698,1691074
501,no-further-action,Investigation complete; no suspect identified,vehicle-crime,51.535691,-0.022979,1693489
502,no-further-action,Investigation complete; no suspect identified,robbery,51.515483,-0.068963,1687686
503,no-further-action,Investigation complete; no suspect identified,robbery,51.501547,-0.025405,1693421
504,no-further-action,Investigation complete; no suspect identified,theft-from-the-person,51.519193,-0.075603,1686584
505,no-further-action,Investigation complete; no suspect identified,theft-from-the-person,51.519193,-0.075603,1686584
506,no-further-action,Investigation complete; no suspect identified,vehicle-crime,51.523651,-0.030748,1692661
507,no-further-action,Investigation complete; no suspect identified,robbery,51.513005,-0.033513,1692429
508,court-result-unavailable,Court result unavailable,drugs,51.528117,-0.053709,1689926
509,no-further-action,Investigation complete; no suspect identified,theft-from-the-person,51.525153,-0.033451,1692517
510,no-further-action,Investigation complete; no suspect identified,public-order,51.534263,-0.031833,1692676
511,no-further-action,Investigation complete; no suspect identified,public-order,51.500073,-0.025454,1693335
512,no-further-action,Investigation complete; no suspect identified,vehicle-crime,51.518307,-0.074999,1686743
513,no-further-action,Investigation complete; no suspect identified,other-theft,51.521432,-0.042707,1691376
514,no-further-action,Investigation complete; no suspect identified,criminal-damage-arson,51.504937,-0.019523,1693948
515,no-further-action,Investigation complete; no suspect identified,other-theft,51.520093,-0.051413,1690146
516,no-further-action,Investigation complete; no suspect identified,vehicle-crime,51.518735,-0.057886,1689435
517,no-further-action,Investigation complete; no suspect identified,burglary,51.513162,-0.004437,1695641
518,no-further-action,Investigation complete; no suspect identified,violent-crime,51.523953,-0.072728,1687112
519,no-further-action,Investigation complete; no suspect identified,violent-crime,51.504937,-0.019523,1693948
520,no-further-action,Investigation complete; no suspect identified,violent-crime,51.508717,-0.065474,1688032
521,no-further-action,Investigation complete; no suspect identified,violent-crime,51.534921,-0.026614,1693236
522,no-further-action,Investigation complete; no suspect identified,criminal-damage-arson,51.529866,-0.030264,1692757
523,no-further-action,Investigation complete; no suspect identified,other-theft,51.501079,-0.024301,1693461
524,no-further-action,Investigation complete; no suspect identified,violent-crime,51.514780,-0.043396,1691324
525,no-further-action,Investigation complete; no suspect identified,violent-crime,51.505743,-0.010813,1695037
526,no-further-action,Investigation complete; no suspect identified,other-theft,51.518913,-0.057244,1689539
527,no-further-action,Investigation complete; no suspect identified,shoplifting,51.496945,-0.021800,1693788
528,no-further-action,Investigation complete; no suspect identified,other-theft,51.525434,-0.072002,1687150
529,no-further-action,Investigation complete; no suspect identified,robbery,51.527898,-0.058433,1689322
530,no-further-action,Investigation complete; no suspect identified,other-theft,51.499832,-0.018073,1694165
531,court-result-unavailable,Court result unavailable,drugs,51.511809,-0.073067,1687131
532,no-further-action,Investigation complete; no suspect identified,other-theft,51.519078,-0.061215,1688954
533,no-further-action,Investigation complete; no suspect identified,robbery,51.516834,-0.070175,1687414
534,no-further-action,Investigation complete; no suspect identified,public-order,51.522203,-0.020590,1693815
535,no-further-action,Investigation complete; no suspect identified,other-theft,51.519775,-0.071852,1687106
536,no-further-action,Investigation complete; no suspect identified,other-theft,51.519775,-0.071852,1687106
537,no-further-action,Investigation complete; no suspect identified,vehicle-crime,51.504635,-0.064436,1688403
538,no-further-action,Investigation complete; no suspect identified,vehicle-crime,51.504635,-0.064436,1688403
539,no-further-action,Investigation complete; no suspect identified,violent-crime,51.508688,-0.012674,1694837
540,no-further-action,Investigation complete; no suspect identified,burglary,51.517777,-0.037070,1692064
541,no-further-action,Investigation complete; no suspect identified,criminal-damage-arson,51.497515,-0.024657,1693406
542,no-further-action,Investigation complete; no suspect identified,other-theft,51.513245,-0.038187,1691870
543,no-further-action,Investigation complete; no suspect identified,violent-crime,51.511719,-0.013205,1694734
544,no-further-action,Investigation complete; no suspect identified,burglary,51.531443,-0.062348,1688619
545,no-further-action,Investigation complete; no suspect identified,robbery,51.527225,-0.060148,1689125
546,no-further-action,Investigation complete; no suspect identified,other-theft,51.519078,-0.061215,1688954
547,no-further-action,Investigation complete; no suspect identified,other-theft,51.505114,-0.020928,1693749
548,no-further-action,Investigation complete; no suspect identified,theft-from-the-person,51.520222,-0.075566,1686717
549,no-further-action,Investigation complete; no suspect identified,burglary,51.516866,-0.049850,1690358
550,no-further-action,Investigation complete; no suspect identified,vehicle-crime,51.499395,-0.019360,1694094
551,no-further-action,Investigation complete; no suspect identified,other-theft,51.510507,-0.070442,1687453
552,no-further-action,Investigation complete; no suspect identified,drugs,51.524594,-0.037108,1691972
553,no-further-action,Investigation complete; no suspect identified,other-theft,51.513145,-0.070100,1687562
554,no-further-action,Investigation complete; no suspect identified,bicycle-theft,51.531516,-0.043443,1691328
555,no-further-action,Investigation complete; no suspect identified,violent-crime,51.516059,-0.031667,1692700
556,no-further-action,Investigation complete; no suspect identified,violent-crime,51.516059,-0.031667,1692700
557,no-further-action,Investigation complete; no suspect identified,violent-crime,51.516059,-0.031667,1692700
558,no-further-action,Investigation complete; no suspect identified,shoplifting,51.499731,-0.009476,1695119
559,no-further-action,Investigation complete; no suspect identified,other-crime,51.510687,-0.047607,1690754
560,no-further-action,Investigation complete; no suspect identified,public-order,51.525060,-0.032720,1692549
561,no-further-action,Investigation complete; no suspect identified,violent-crime,51.508884,-0.014121,1694612
562,no-further-action,Investigation complete; no suspect identified,violent-crime,51.509427,0.000991,1696028
563,no-further-action,Investigation complete; no suspect identified,criminal-damage-arson,51.505086,-0.056348,1689677
564,no-further-action,Investigation complete; no suspect identified,vehicle-crime,51.513586,-0.054833,1689865
565,no-further-action,Investigation complete; no suspect identified,public-order,51.502848,-0.009254,1695004
566,no-further-action,Investigation complete; no suspect identified,burglary,51.521632,-0.066656,1688071
567,no-further-action,Investigation complete; no suspect identified,other-theft,51.522582,-0.070840,1687370
568,no-further-action,Investigation complete; no suspect identified,public-order,51.516128,-0.071588,1687357
569,no-further-action,Investigation complete; no suspect identified,burglary,51.523940,-0.064857,1688407
570,no-further-action,Investigation complete; no suspect identified,theft-from-the-person,51.518590,-0.076385,1686498
571,no-further-action,Investigation complete; no suspect identified,theft-from-the-person,51.524415,-0.075159,1686688
572,no-further-action,Investigation complete; no suspect identified,theft-from-the-person,51.524415,-0.075159,1686688
573,no-further-action,Investigation complete; no suspect identified,criminal-damage-arson,51.525145,-0.042072,1691392
574,no-further-action,Investigation complete; no suspect identified,violent-crime,51.509826,-0.027857,1693145
575,no-further-action,Investigation complete; no suspect identified,theft-from-the-person,51.524494,-0.073959,1686959
576,no-further-action,Investigation complete; no suspect identified,vehicle-crime,51.512183,-0.068440,1687856
577,no-further-action,Investigation complete; no suspect identified,burglary,51.531198,-0.030322,1692817
578,no-further-action,Investigation complete; no suspect identified,other-theft,51.514366,-0.057956,1689357
579,no-further-action,Investigation complete; no suspect identified,theft-from-the-person,51.511719,-0.013205,1694734
580,no-further-action,Investigation complete; no suspect identified,theft-from-the-person,51.511719,-0.013205,1694734
581,no-further-action,Investigation complete; no suspect identified,vehicle-crime,51.522203,-0.020590,1693815
582,no-further-action,Investigation complete; no suspect identified,vehicle-crime,51.522203,-0.020590,1693815
583,no-further-action,Investigation complete; no suspect identified,other-theft,51.518501,-0.050804,1690246
584,no-further-action,Investigation complete; no suspect identified,other-theft,51.518501,-0.050804,1690246
585,no-further-action,Investigation complete; no suspect identified,robbery,51.526259,-0.012082,1694845
586,no-further-action,Investigation complete; no suspect identified,theft-from-the-person,51.519620,-0.074496,1686908
587,no-further-action,Investigation complete; no suspect identified,public-order,51.530812,-0.049759,1690499
588,no-further-action,Investigation complete; no suspect identified,bicycle-theft,51.535654,-0.032782,1692583
589,no-further-action,Investigation complete; no suspect identified,robbery,51.514856,-0.068615,1687650
590,no-further-action,Investigation complete; no suspect identified,violent-crime,51.512562,-0.021614,1693814
591,no-further-action,Investigation complete; no suspect identified,public-order,51.513660,-0.043603,1691284
592,no-further-action,Investigation complete; no suspect identified,robbery,51.527833,-0.021673,1693795
593,no-further-action,Investigation complete; no suspect identified,criminal-damage-arson,51.515559,-0.052385,1690196
594,no-further-action,Investigation complete; no suspect identified,violent-crime,51.514432,-0.059222,1689185
595,no-further-action,Investigation complete; no suspect identified,violent-crime,51.514432,-0.059222,1689185
596,no-further-action,Investigation complete; no suspect identified,violent-crime,51.514432,-0.059222,1689185
597,no-further-action,Investigation complete; no suspect identified,theft-from-the-person,51.522003,-0.071758,1687303
598,no-further-action,Investigation complete; no suspect identified,public-order,51.498833,-0.014327,1694618
599,no-further-action,Investigation complete; no suspect identified,violent-crime,51.522922,-0.059826,1689182
600,no-further-action,Investigation complete; no suspect identified,violent-crime,51.514280,-0.054962,1689826
601,no-further-action,Investigation complete; no suspect identified,criminal-damage-arson,51.529866,-0.030264,1692757
602,cautioned,Offender given a caution,drugs,51.521217,-0.070881,1687389
603,penalty-notice-issued,Offender given penalty notice,drugs,51.521217,-0.070881,1687389
604,no-further-action,Investigation complete; no suspect identified,robbery,51.535318,-0.028817,1693018
605,no-further-action,Investigation complete; no suspect identified,other-theft,51.513893,-0.070746,1687378
606,no-further-action,Investigation complete; no suspect identified,theft-from-the-person,51.521632,-0.066656,1688071
607,no-further-action,Investigation complete; no suspect identified,violent-crime,51.510760,-0.009701,1695141
608,no-further-action,Investigation complete; no suspect identified,theft-from-the-person,51.524041,-0.074800,1686775
609,no-further-action,Investigation complete; no suspect identified,vehicle-crime,51.511580,-0.000802,1695868
610,no-further-action,Investigation complete; no suspect identified,theft-from-the-person,51.509133,-0.061248,1688928
611,no-further-action,Investigation complete; no suspect identified,vehicle-crime,51.523243,-0.012963,1694744
612,unable-to-prosecute,Unable to prosecute suspect,violent-crime,51.511164,-0.075401,1490951
613,court-result-unavailable,Court result unavailable,possession-of-weapons,51.522582,-0.070840,1687370
614,no-further-action,Investigation complete; no suspect identified,vehicle-crime,51.530015,-0.055892,1689636
615,no-further-action,Investigation complete; no suspect identified,burglary,51.509934,-0.067339,1687961
616,no-further-action,Investigation complete; no suspect identified,burglary,51.524753,-0.065630,1688238
617,no-further-action,Investigation complete; no suspect identified,robbery,51.509133,-0.061248,1688928
618,no-further-action,Investigation complete; no suspect identified,public-order,51.525145,-0.042072,1691392
619,no-further-action,Investigation complete; no suspect identified,vehicle-crime,51.502848,-0.009254,1695004
620,no-further-action,Investigation complete; no suspect identified,vehicle-crime,51.502848,-0.009254,1695004
621,no-further-action,Investigation complete; no suspect identified,other-theft,51.523868,-0.012143,1694904
622,no-further-action,Investigation complete; no suspect identified,vehicle-crime,51.523581,-0.073104,1686961
623,no-further-action,Investigation complete; no suspect identified,violent-crime,51.516866,-0.066685,1688029
624,no-further-action,Investigation complete; no suspect identified,criminal-damage-arson,51.495645,-0.012434,1694834
625,no-further-action,Investigation complete; no suspect identified,vehicle-crime,51.527321,-0.065925,1688140
626,no-further-action,Investigation complete; no suspect identified,burglary,51.533099,-0.065103,1688355
627,no-further-action,Investigation complete; no suspect identified,burglary,51.528775,-0.055959,1689747
628,no-further-action,Investigation complete; no suspect identified,violent-crime,51.527285,-0.036675,1692128
629,no-further-action,Investigation complete; no suspect identified,violent-crime,51.504648,-0.025314,1693341
630,no-further-action,Investigation complete; no suspect identified,public-order,51.515425,-0.034087,1692386
631,no-further-action,Investigation complete; no suspect identified,violent-crime,51.504954,-0.019450,1694097
632,court-result-unavailable,Court result unavailable,drugs,51.534786,-0.031955,1692689
633,no-further-action,Investigation complete; no suspect identified,violent-crime,51.512562,-0.021614,1693814
634,no-further-action,Investigation complete; no suspect identified,bicycle-theft,51.533244,-0.041364,1691490
635,court-result-unavailable,Court result unavailable,violent-crime,51.508493,-0.006990,1695430
636,no-further-action,Investigation complete; no suspect identified,theft-from-the-person,51.516059,-0.031667,1692700
637,no-further-action,Investigation complete; no suspect identified,theft-from-the-person,51.531689,-0.058142,1689376
638,no-further-action,Investigation complete; no suspect identified,theft-from-the-person,51.515121,-0.072683,1687059
639,no-further-action,Investigation complete; no suspect identified,other-theft,51.528782,-0.069467,1687714
640,no-further-action,Investigation complete; no suspect identified,violent-crime,51.511429,-0.059263,1689139
641,no-further-action,Investigation complete; no suspect identified,other-theft,51.526574,-0.023832,1693541
642,no-further-action,Investigation complete; no suspect identified,criminal-damage-arson,51.527340,-0.058889,1689163
643,no-further-action,Investigation complete; no suspect identified,vehicle-crime,51.514338,-0.018135,1694138
644,no-further-action,Investigation complete; no suspect identified,burglary,51.506463,-0.071708,1686673
645,no-further-action,Investigation complete; no suspect identified,violent-crime,51.514020,-0.049568,1690552
646,no-further-action,Investigation complete; no suspect identified,vehicle-crime,51.498093,-0.018941,1694048
647,no-further-action,Investigation complete; no suspect identified,violent-crime,51.531180,-0.046499,1690981
648,no-further-action,Investigation complete; no suspect identified,violent-crime,51.498093,-0.018941,1694048
649,no-further-action,Investigation complete; no suspect identified,drugs,51.522569,-0.044576,1691124
650,no-further-action,Investigation complete; no suspect identified,theft-from-the-person,51.509306,-0.064656,1688469
651,local-resolution,Local resolution,violent-crime,51.521305,-0.028154,1693097
652,no-further-action,Investigation complete; no suspect identified,violent-crime,51.516834,-0.070175,1687414
653,local-resolution,Local resolution,drugs,51.510164,-0.068713,1687635
654,no-further-action,Investigation complete; no suspect identified,burglary,51.511110,-0.055227,1689804
655,no-further-action,Investigation complete; no suspect identified,vehicle-crime,51.505018,-0.067518,1687899
656,no-further-action,Investigation complete; no suspect identified,vehicle-crime,51.497515,-0.024657,1693406
657,no-further-action,Investigation complete; no suspect identified,other-theft,51.517083,-0.077169,1686464
658,no-further-action,Investigation complete; no suspect identified,criminal-damage-arson,51.516187,-0.066973,1688033
659,no-further-action,Investigation complete; no suspect identified,shoplifting,51.499731,-0.009476,1695119
660,no-further-action,Investigation complete; no suspect identified,other-theft,51.509654,-0.068850,1687742
661,no-further-action,Investigation complete; no suspect identified,theft-from-the-person,51.515826,-0.072869,1687093
662,no-further-action,Investigation complete; no suspect identified,shoplifting,51.518898,-0.077078,1686429
663,no-further-action,Investigation complete; no suspect identified,violent-crime,51.525060,-0.032720,1692549
664,no-further-action,Investigation complete; no suspect identified,theft-from-the-person,51.519193,-0.075603,1686584
665,no-further-action,Investigation complete; no suspect identified,violent-crime,51.515868,-0.028331,1693010
666,no-further-action,Investigation complete; no suspect identified,violent-crime,51.515868,-0.028331,1693010
667,no-further-action,Investigation complete; no suspect identified,vehicle-crime,51.516187,-0.066973,1688033
668,no-further-action,Investigation complete; no suspect identified,vehicle-crime,51.509427,0.000991,1696028
669,no-further-action,Investigation complete; no suspect identified,violent-crime,51.516381,-0.060753,1689025
670,no-further-action,Investigation complete; no suspect identified,violent-crime,51.527833,-0.021673,1693795
671,no-further-action,Investigation complete; no suspect identified,other-theft,51.513169,-0.071540,1687257
672,no-further-action,Investigation complete; no suspect identified,public-order,51.536450,-0.027153,1693170
673,no-further-action,Investigation complete; no suspect identified,other-theft,51.524032,-0.071542,1687315
674,no-further-action,Investigation complete; no suspect identified,burglary,51.510339,-0.053199,1689989
675,no-further-action,Investigation complete; no suspect identified,violent-crime,51.526529,-0.022724,1693594
676,no-further-action,Investigation complete; no suspect identified,vehicle-crime,51.509427,0.000991,1696028
677,no-further-action,Investigation complete; no suspect identified,theft-from-the-person,51.533485,-0.063898,1688495
678,no-further-action,Investigation complete; no suspect identified,shoplifting,51.527032,-0.062016,1688810
679,no-further-action,Investigation complete; no suspect identified,violent-crime,51.511560,-0.055265,1689838
680,no-further-action,Investigation complete; no suspect identified,theft-from-the-person,51.524032,-0.071542,1687315
681,no-further-action,Investigation complete; no suspect identified,shoplifting,51.504954,-0.019450,1694097
682,no-further-action,Investigation complete; no suspect identified,burglary,51.519342,-0.023150,1693332
683,no-further-action,Investigation complete; no suspect identified,violent-crime,51.525145,-0.042072,1691392
684,no-further-action,Investigation complete; no suspect identified,vehicle-crime,51.532469,-0.055830,1689746
685,no-further-action,Investigation complete; no suspect identified,vehicle-crime,51.532469,-0.055830,1689746
686,no-further-action,Investigation complete; no suspect identified,shoplifting,51.504954,-0.019450,1694097
687,no-further-action,Investigation complete; no suspect identified,drugs,51.535263,-0.027695,1693093
688,no-further-action,Investigation complete; no suspect identified,vehicle-crime,51.509161,-0.024686,1693380
689,no-further-action,Investigation complete; no suspect identified,other-theft,51.506804,-0.020379,1693923
690,no-further-action,Investigation complete; no suspect identified,violent-crime,51.535725,-0.022023,1693744
691,no-further-action,Investigation complete; no suspect identified,public-order,51.525145,-0.042072,1691392
692,no-further-action,Investigation complete; no suspect identified,violent-crime,51.524189,-0.013599,1694736
693,no-further-action,Investigation complete; no suspect identified,shoplifting,51.524929,-0.073566,1687022
694,no-further-action,Investigation complete; no suspect identified,public-order,51.517211,-0.063082,1688703
695,no-further-action,Investigation complete; no suspect identified,other-theft,51.522829,-0.022509,1693653
696,no-further-action,Investigation complete; no suspect identified,theft-from-the-person,51.520832,-0.076535,1686551
697,court-result-unavailable,Court result unavailable,robbery,51.508109,-0.008736,1695101
698,no-further-action,Investigation complete; no suspect identified,theft-from-the-person,51.516010,-0.067644,1687818
699,no-further-action,Investigation complete; no suspect identified,public-order,51.532311,-0.028096,1693032
700,no-further-action,Investigation complete; no suspect identified,burglary,51.515053,-0.014170,1694667
701,no-further-action,Investigation complete; no suspect identified,burglary,51.536510,-0.051736,1690211
702,no-further-action,Investigation complete; no suspect identified,burglary,51.528233,-0.026225,1693207
703,court-result-unavailable,Court result unavailable,violent-crime,51.516078,-0.006169,1695460
704,no-further-action,Investigation complete; no suspect identified,other-crime,51.524449,-0.057585,1689393
705,no-further-action,Investigation complete; no suspect identified,criminal-damage-arson,51.528026,-0.032116,1692544
706,no-further-action,Investigation complete; no suspect identified,vehicle-crime,51.515434,-0.066025,1688201
707,no-further-action,Investigation complete; no suspect identified,violent-crime,51.526490,-0.016195,1694421
708,no-further-action,Investigation complete; no suspect identified,vehicle-crime,51.491900,-0.015421,1694229
709,court-result-unavailable,Court result unavailable,public-order,51.510507,-0.070442,1687453
710,no-further-action,Investigation complete; no suspect identified,public-order,51.519576,-0.057605,1689443
711,no-further-action,Investigation complete; no suspect identified,shoplifting,51.504954,-0.019450,1694097
712,no-further-action,Investigation complete; no suspect identified,shoplifting,51.527032,-0.062016,1688810
713,court-result-unavailable,Court result unavailable,robbery,51.508109,-0.008736,1695101
714,court-result-unavailable,Court result unavailable,robbery,51.508109,-0.008736,1695101
715,court-result-unavailable,Court result unavailable,theft-from-the-person,51.519736,-0.060783,1689053
716,no-further-action,Investigation complete; no suspect identified,vehicle-crime,51.518289,-0.072673,1687130
717,no-further-action,Investigation complete; no suspect identified,violent-crime,51.526811,-0.044928,1691008
718,court-result-unavailable,Court result unavailable,shoplifting,51.504623,-0.016299,1694351
719,no-further-action,Investigation complete; no suspect identified,shoplifting,51.523581,-0.073104,1686961
720,no-further-action,Investigation complete; no suspect identified,shoplifting,51.515192,-0.016542,1694350
721,no-further-action,Investigation complete; no suspect identified,other-theft,51.511114,-0.067995,1687891
722,no-further-action,Investigation complete; no suspect identified,violent-crime,51.528107,-0.047179,1690900
723,no-further-action,Investigation complete; no suspect identified,public-order,51.514559,-0.014710,1694613
724,no-further-action,Investigation complete; no suspect identified,other-theft,51.534485,-0.060286,1689080
725,no-further-action,Investigation complete; no suspect identified,violent-crime,51.514128,-0.053354,1689918
726,no-further-action,Investigation complete; no suspect identified,other-theft,51.528239,-0.048067,1690744
727,no-further-action,Investigation complete; no suspect identified,violent-crime,51.496452,-0.019747,1694046
728,cautioned,Offender given a caution,drugs,51.522943,-0.040849,1691461
729,no-further-action,Investigation complete; no suspect identified,burglary,51.512472,-0.029631,1692843
730,no-further-action,Investigation complete; no suspect identified,vehicle-crime,51.523880,-0.059613,1689024
731,local-resolution,Local resolution,drugs,51.521122,-0.011945,1694913
732,no-further-action,Investigation complete; no suspect identified,burglary,51.512381,-0.042994,1691332
733,no-further-action,Investigation complete; no suspect identified,theft-from-the-person,51.522046,-0.075475,1686645
734,no-further-action,Investigation complete; no suspect identified,other-theft,51.524032,-0.071542,1687315
735,no-further-action,Investigation complete; no suspect identified,public-order,51.510118,-0.012165,1694863
736,no-further-action,Investigation complete; no suspect identified,burglary,51.511765,-0.060589,1689066
737,no-further-action,Investigation complete; no suspect identified,shoplifting,51.532355,-0.056731,1689641
738,no-further-action,Investigation complete; no suspect identified,violent-crime,51.495738,-0.010514,1694889
739,no-further-action,Investigation complete; no suspect identified,violent-crime,51.500073,-0.025454,1693335
740,no-further-action,Investigation complete; no suspect identified,theft-from-the-person,51.501547,-0.025405,1693421
741,no-further-action,Investigation complete; no suspect identified,theft-from-the-person,51.512185,-0.043623,1691320
742,no-further-action,Investigation complete; no suspect identified,burglary,51.496903,-0.007625,1695358
743,no-further-action,Investigation complete; no suspect identified,violent-crime,51.487970,-0.014324,1694574
744,no-further-action,Investigation complete; no suspect identified,violent-crime,51.524642,-0.043723,1691310
745,no-further-action,Investigation complete; no suspect identified,criminal-damage-arson,51.534607,-0.054124,1689903
746,no-further-action,Investigation complete; no suspect identified,violent-crime,51.526481,-0.042967,1691211
747,no-further-action,Investigation complete; no suspect identified,violent-crime,51.526481,-0.042967,1691211
748,no-further-action,Investigation complete; no suspect identified,violent-crime,51.526481,-0.042967,1691211
749,no-further-action,Investigation complete; no suspect identified,bicycle-theft,51.513783,-0.067839,1687855
750,no-further-action,Investigation complete; no suspect identified,criminal-damage-arson,51.501079,-0.024301,1693461
751,no-further-action,Investigation complete; no suspect identified,theft-from-the-person,51.506002,-0.035241,1692261
752,no-further-action,Investigation complete; no suspect identified,other-theft,51.504540,-0.018892,1694065
753,no-further-action,Investigation complete; no suspect identified,other-theft,51.489423,-0.019389,1694099
754,no-further-action,Investigation complete; no suspect identified,violent-crime,51.516028,-0.062209,1688759
755,no-further-action,Investigation complete; no suspect identified,other-theft,51.524583,-0.033764,1692374
756,no-further-action,Investigation complete; no suspect identified,violent-crime,51.508717,-0.065474,1688032
757,no-further-action,Investigation complete; no suspect identified,other-theft,51.522046,-0.075475,1686645
758,no-further-action,Investigation complete; no suspect identified,other-theft,51.522046,-0.075475,1686645
759,no-further-action,Investigation complete; no suspect identified,other-theft,51.522046,-0.075475,1686645
760,no-further-action,Investigation complete; no suspect identified,violent-crime,51.528775,-0.055959,1689747
761,no-further-action,Investigation complete; no suspect identified,violent-crime,51.531250,-0.024350,1693506
762,no-further-action,Investigation complete; no suspect identified,other-theft,51.531462,-0.058555,1689196
763,no-further-action,Investigation complete; no suspect identified,burglary,51.523648,-0.068964,1687730
764,no-further-action,Investigation complete; no suspect identified,vehicle-crime,51.515684,-0.071909,1687267
765,no-further-action,Investigation complete; no suspect identified,burglary,51.530514,-0.062142,1688820
766,no-further-action,Investigation complete; no suspect identified,burglary,51.515121,-0.072683,1687059
767,no-further-action,Investigation complete; no suspect identified,burglary,51.515121,-0.072683,1687059
768,no-further-action,Investigation complete; no suspect identified,robbery,51.489309,-0.021699,1693796
769,no-further-action,Investigation complete; no suspect identified,criminal-damage-arson,51.508488,-0.001947,1695874
770,no-further-action,Investigation complete; no suspect identified,burglary,51.522582,-0.070840,1687370
771,no-further-action,Investigation complete; no suspect identified,violent-crime,51.526481,-0.042967,1691211
772,no-further-action,Investigation complete; no suspect identified,other-theft,51.532156,-0.063010,1688692
773,no-further-action,Investigation complete; no suspect identified,drugs,51.497515,-0.024657,1693406
774,court-result-unavailable,Court result unavailable,public-order,51.514498,-0.006858,1695425
775,no-further-action,Investigation complete; no suspect identified,robbery,51.527321,-0.065925,1688140
776,no-further-action,Investigation complete; no suspect identified,other-theft,51.525576,-0.071391,1687387
777,no-further-action,Investigation complete; no suspect identified,theft-from-the-person,51.520714,-0.072003,1687289
778,no-further-action,Investigation complete; no suspect identified,other-theft,51.512330,-0.022791,1693492
779,no-further-action,Investigation complete; no suspect identified,violent-crime,51.518312,-0.065661,1688173
780,no-further-action,Investigation complete; no suspect identified,criminal-damage-arson,51.510272,-0.007446,1695286
781,local-resolution,Local resolution,drugs,51.528213,-0.014376,1694583
782,no-further-action,Investigation complete; no suspect identified,public-order,51.502780,-0.013723,1694711
783,no-further-action,Investigation complete; no suspect identified,robbery,51.520753,-0.053245,1690053
784,no-further-action,Investigation complete; no suspect identified,other-theft,51.519078,-0.061215,1688954
785,no-further-action,Investigation complete; no suspect identified,violent-crime,51.505066,-0.017558,1694219
786,no-further-action,Investigation complete; no suspect identified,theft-from-the-person,51.521217,-0.070881,1687389
787,court-result-unavailable,Court result unavailable,violent-crime,51.519078,-0.061215,1688954
788,no-further-action,Investigation complete; no suspect identified,violent-crime,51.514810,-0.041391,1691561
789,no-further-action,Investigation complete; no suspect identified,other-theft,51.521966,-0.046649,1690951
790,no-further-action,Investigation complete; no suspect identified,vehicle-crime,51.513096,-0.057823,1689405
791,no-further-action,Investigation complete; no suspect identified,criminal-damage-arson,51.527487,-0.023576,1693597
792,court-result-unavailable,Court result unavailable,violent-crime,51.529152,-0.023100,1693591
793,no-further-action,Investigation complete; no suspect identified,robbery,51.530992,-0.032522,1692612
794,court-result-unavailable,Court result unavailable,violent-crime,51.528117,-0.053709,1689926
795,no-further-action,Investigation complete; no suspect identified,criminal-damage-arson,51.511010,-0.026062,1693266
796,no-further-action,Investigation complete; no suspect identified,criminal-damage-arson,51.518422,-0.073278,1687076
797,no-further-action,Investigation complete; no suspect identified,violent-crime,51.512774,-0.029373,1692964
798,no-further-action,Investigation complete; no suspect identified,violent-crime,51.512461,-0.063485,1688603
799,no-further-action,Investigation complete; no suspect identified,violent-crime,51.520100,-0.012653,1694846
800,no-further-action,Investigation complete; no suspect identified,burglary,51.517859,-0.040338,1691679
801,no-further-action,Investigation complete; no suspect identified,violent-crime,51.498473,-0.014833,1694535
802,no-further-action,Investigation complete; no suspect identified,burglary,51.527897,-0.067616,1687910
803,no-further-action,Investigation complete; no suspect identified,violent-crime,51.516532,-0.015965,1694446
804,no-further-action,Investigation complete; no suspect identified,burglary,51.507102,-0.055354,1689751
805,no-further-action,Investigation complete; no suspect identified,violent-crime,51.496945,-0.021800,1693788
806,no-further-action,Investigation complete; no suspect identified,violent-crime,51.501220,-0.021471,1693854
807,no-further-action,Investigation complete; no suspect identified,other-theft,51.526797,-0.058191,1689401
808,no-further-action,Investigation complete; no suspect identified,burglary,51.520361,-0.029723,1692894
809,no-further-action,Investigation complete; no suspect identified,burglary,51.530471,-0.054157,1689817
810,no-further-action,Investigation complete; no suspect identified,other-theft,51.533641,-0.031211,1692784
811,no-further-action,Investigation complete; no suspect identified,shoplifting,51.498833,-0.014327,1694618
812,no-further-action,Investigation complete; no suspect identified,criminal-damage-arson,51.515533,-0.049720,1690490
813,no-further-action,Investigation complete; no suspect identified,vehicle-crime,51.512330,-0.022791,1693492
814,no-further-action,Investigation complete; no suspect identified,vehicle-crime,51.525476,-0.024845,1693114
815,no-further-action,Investigation complete; no suspect identified,criminal-damage-arson,51.521582,-0.050053,1690502
816,no-further-action,Investigation complete; no suspect identified,bicycle-theft,51.514451,-0.028594,1692988
817,no-further-action,Investigation complete; no suspect identified,vehicle-crime,51.498839,-0.010927,1694908
818,unable-to-prosecute,Unable to prosecute suspect,violent-crime,51.513813,-0.073531,1490957
819,no-further-action,Investigation complete; no suspect identified,violent-crime,51.527225,-0.055246,1689773
820,no-further-action,Investigation complete; no suspect identified,violent-crime,51.514656,-0.059198,1689286
821,no-further-action,Investigation complete; no suspect identified,violent-crime,51.504540,-0.018892,1694065
822,no-further-action,Investigation complete; no suspect identified,violent-crime,51.489860,-0.023461,1693601
823,no-further-action,Investigation complete; no suspect identified,vehicle-crime,51.501547,-0.025405,1693421
824,no-further-action,Investigation complete; no suspect identified,other-theft,51.523953,-0.072728,1687112
825,no-further-action,Investigation complete; no suspect identified,violent-crime,51.524216,-0.069070,1687738
826,no-further-action,Investigation complete; no suspect identified,theft-from-the-person,51.515684,-0.071909,1687267
827,no-further-action,Investigation complete; no suspect identified,theft-from-the-person,51.509133,-0.061248,1688928
828,local-resolution,Local resolution,drugs,51.518501,-0.050804,1690246
829,no-further-action,Investigation complete; no suspect identified,theft-from-the-person,51.494608,-0.014929,1694559
830,no-further-action,Investigation complete; no suspect identified,violent-crime,51.496665,-0.018513,1694156
831,no-further-action,Investigation complete; no suspect identified,theft-from-the-person,51.522943,-0.040849,1691461
832,no-further-action,Investigation complete; no suspect identified,theft-from-the-person,51.488085,-0.010516,1695033
833,no-further-action,Investigation complete; no suspect identified,other-theft,51.504648,-0.025314,1693341
834,no-further-action,Investigation complete; no suspect identified,violent-crime,51.495645,-0.012434,1694834
835,no-further-action,Investigation complete; no suspect identified,criminal-damage-arson,51.510629,-0.039308,1691770
836,no-further-action,Investigation complete; no suspect identified,robbery,51.532267,-0.032972,1692560
837,court-result-unavailable,Court result unavailable,violent-crime,51.529720,-0.045754,1691032
838,no-further-action,Investigation complete; no suspect identified,other-theft,51.511965,-0.075453,1490950
839,no-further-action,Investigation complete; no suspect identified,other-theft,51.522003,-0.071758,1687303
840,local-resolution,Local resolution,drugs,51.526641,-0.067579,1687962
841,no-further-action,Investigation complete; no suspect identified,other-theft,51.519161,-0.059165,1689073
842,no-further-action,Investigation complete; no suspect identified,vehicle-crime,51.527285,-0.036675,1692128
843,no-further-action,Investigation complete; no suspect identified,vehicle-crime,51.527285,-0.036675,1692128
844,court-result-unavailable,Court result unavailable,public-order,51.510164,-0.068713,1687635
845,no-further-action,Investigation complete; no suspect identified,bicycle-theft,51.519788,-0.030454,1692882
846,no-further-action,Investigation complete; no suspect identified,theft-from-the-person,51.522943,-0.040849,1691461
847,no-further-action,Investigation complete; no suspect identified,criminal-damage-arson,51.525357,-0.055369,1689760
848,no-further-action,Investigation complete; no suspect identified,shoplifting,51.505114,-0.020928,1693749
849,no-further-action,Investigation complete; no suspect identified,theft-from-the-person,51.514762,-0.062335,1688765
850,no-further-action,Investigation complete; no suspect identified,shoplifting,51.532355,-0.056731,1689641
851,penalty-notice-issued,Offender given penalty notice,drugs,51.525434,-0.072002,1687150
852,no-further-action,Investigation complete; no suspect identified,other-crime,51.522036,-0.056823,1689575
853,no-further-action,Investigation complete; no suspect identified,robbery,51.513019,-0.044005,1691255
854,court-result-unavailable,Court result unavailable,drugs,51.510507,-0.070442,1687453
855,no-further-action,Investigation complete; no suspect identified,other-theft,51.513096,-0.057823,1689405
856,no-further-action,Investigation complete; no suspect identified,violent-crime,51.508488,-0.001947,1695874
857,no-further-action,Investigation complete; no suspect identified,public-order,51.513781,-0.024530,1693471
858,no-further-action,Investigation complete; no suspect identified,robbery,51.496945,-0.021800,1693788
859,no-further-action,Investigation complete; no suspect identified,vehicle-crime,51.517049,-0.060912,1688873
860,no-further-action,Investigation complete; no suspect identified,burglary,51.526490,-0.016195,1694421
861,no-further-action,Investigation complete; no suspect identified,theft-from-the-person,51.525145,-0.042072,1691392
862,no-further-action,Investigation complete; no suspect identified,vehicle-crime,51.494253,-0.013619,1694668
863,no-further-action,Investigation complete; no suspect identified,vehicle-crime,51.505086,-0.056348,1689677
864,no-further-action,Investigation complete; no suspect identified,vehicle-crime,51.498025,-0.021336,1693840
865,no-further-action,Investigation complete; no suspect identified,shoplifting,51.527032,-0.062016,1688810
866,no-further-action,Investigation complete; no suspect identified,violent-crime,51.519913,-0.046491,1690788
867,no-further-action,Investigation complete; no suspect identified,burglary,51.511604,-0.033603,1692462
868,no-further-action,Investigation complete; no suspect identified,criminal-damage-arson,51.518913,-0.057244,1689539
869,no-further-action,Investigation complete; no suspect identified,violent-crime,51.505222,-0.006585,1695431
870,no-further-action,Investigation complete; no suspect identified,violent-crime,51.531027,-0.043752,1691304
871,no-further-action,Investigation complete; no suspect identified,burglary,51.535912,-0.034228,1692413
872,no-further-action,Investigation complete; no suspect identified,robbery,51.504954,-0.019450,1694097
873,no-further-action,Investigation complete; no suspect identified,robbery,51.522206,-0.044346,1691128
874,no-further-action,Investigation complete; no suspect identified,violent-crime,51.528107,-0.047179,1690900
875,no-further-action,Investigation complete; no suspect identified,theft-from-the-person,51.528558,-0.019897,1693956
876,no-further-action,Investigation complete; no suspect identified,theft-from-the-person,51.520222,-0.075566,1686717
877,no-further-action,Investigation complete; no suspect identified,robbery,51.533124,-0.041716,1691452
878,no-further-action,Investigation complete; no suspect identified,violent-crime,51.512857,-0.060269,1689033
879,no-further-action,Investigation complete; no suspect identified,violent-crime,51.515754,-0.023147,1693587
880,no-further-action,Investigation complete; no suspect identified,vehicle-crime,51.513100,-0.072542,1687151
881,no-further-action,Investigation complete; no suspect identified,violent-crime,51.527088,-0.029245,1692937
882,no-further-action,Investigation complete; no suspect identified,violent-crime,51.517550,-0.024597,1693331
883,no-further-action,Investigation complete; no suspect identified,public-order,51.523953,-0.072728,1687112
884,no-further-action,Investigation complete; no suspect identified,other-theft,51.501547,-0.025405,1693421
885,no-further-action,Investigation complete; no suspect identified,public-order,51.518735,-0.057886,1689435
886,no-further-action,Investigation complete; no suspect identified,vehicle-crime,51.525060,-0.032720,1692549
887,no-further-action,Investigation complete; no suspect identified,robbery,51.525429,-0.055914,1689681
888,no-further-action,Investigation complete; no suspect identified,robbery,51.525429,-0.055914,1689681
889,no-further-action,Investigation complete; no suspect identified,possession-of-weapons,51.519890,-0.021556,1693820
890,no-further-action,Investigation complete; no suspect identified,violent-crime,51.536887,-0.047884,1690819
891,no-further-action,Investigation complete; no suspect identified,violent-crime,51.527225,-0.055246,1689773
892,court-result-unavailable,Court result unavailable,other-theft,51.522164,-0.046164,1691015
893,no-further-action,Investigation complete; no suspect identified,violent-crime,51.524583,-0.033764,1692374
894,no-further-action,Investigation complete; no suspect identified,violent-crime,51.524583,-0.033764,1692374
895,no-further-action,Investigation complete; no suspect identified,violent-crime,51.524583,-0.033764,1692374
896,no-further-action,Investigation complete; no suspect identified,violent-crime,51.512745,-0.011690,1694827
897,no-further-action,Investigation complete; no suspect identified,theft-from-the-person,51.519193,-0.075603,1686584
898,no-further-action,Investigation complete; no suspect identified,robbery,51.513567,-0.061319,1688907
899,no-further-action,Investigation complete; no suspect identified,violent-crime,51.513783,-0.067839,1687855
900,no-further-action,Investigation complete; no suspect identified,theft-from-the-person,51.528782,-0.069467,1687714
901,court-result-unavailable,Court result unavailable,violent-crime,51.525793,-0.069234,1687693
902,no-further-action,Investigation complete; no suspect identified,violent-crime,51.528410,-0.049703,1690498
903,no-further-action,Investigation complete; no suspect identified,public-order,51.516866,-0.066685,1688029
904,no-further-action,Investigation complete; no suspect identified,violent-crime,51.524189,-0.013599,1694736
905,no-further-action,Investigation complete; no suspect identified,other-crime,51.502737,-0.008019,1695313
906,no-further-action,Investigation complete; no suspect identified,public-order,51.504954,-0.019450,1694097
907,no-further-action,Investigation complete; no suspect identified,shoplifting,51.524032,-0.071542,1687315
908,no-further-action,Investigation complete; no suspect identified,vehicle-crime,51.527961,-0.067123,1688006
909,no-further-action,Investigation complete; no suspect identified,bicycle-theft,51.505691,-0.028482,1693038
910,no-further-action,Investigation complete; no suspect identified,shoplifting,51.504954,-0.019450,1694097
911,no-further-action,Investigation complete; no suspect identified,other-theft,51.508588,-0.074039,1686590
912,no-further-action,Investigation complete; no suspect identified,theft-from-the-person,51.518352,-0.074449,1686905
913,no-further-action,Investigation complete; no suspect identified,burglary,51.526341,-0.029205,1692925
914,no-further-action,Investigation complete; no suspect identified,violent-crime,51.525837,-0.042605,1691380
915,no-further-action,Investigation complete; no suspect identified,other-theft,51.524032,-0.071542,1687315
916,no-further-action,Investigation complete; no suspect identified,public-order,51.531583,-0.052869,1690032
917,no-further-action,Investigation complete; no suspect identified,bicycle-theft,51.523027,-0.066179,1688177
918,no-further-action,Investigation complete; no suspect identified,violent-crime,51.525145,-0.042072,1691392
919,no-further-action,Investigation complete; no suspect identified,drugs,51.520981,-0.055585,1689670
920,no-further-action,Investigation complete; no suspect identified,other-theft,51.531625,-0.053776,1690001
921,no-further-action,Investigation complete; no suspect identified,other-theft,51.519931,-0.074881,1686748
922,no-further-action,Investigation complete; no suspect identified,theft-from-the-person,51.521966,-0.046649,1690951
923,no-further-action,Investigation complete; no suspect identified,public-order,51.508673,-0.026149,1693325
924,no-further-action,Investigation complete; no suspect identified,violent-crime,51.516866,-0.066685,1688029
925,no-further-action,Investigation complete; no suspect identified,burglary,51.526271,-0.020241,1693946
926,no-further-action,Investigation complete; no suspect identified,burglary,51.501079,-0.024301,1693461
927,no-further-action,Investigation complete; no suspect identified,vehicle-crime,51.514893,-0.035623,1692221
928,no-further-action,Investigation complete; no suspect identified,possession-of-weapons,51.533273,-0.029122,1692949
929,no-further-action,Investigation complete; no suspect identified,violent-crime,51.505114,-0.020928,1693749
930,no-further-action,Investigation complete; no suspect identified,other-theft,51.509427,0.000991,1696028
931,no-further-action,Investigation complete; no suspect identified,public-order,51.524860,-0.029918,1692774
932,no-further-action,Investigation complete; no suspect identified,violent-crime,51.511181,-0.051390,1690138
933,unable-to-prosecute,Unable to prosecute suspect,violent-crime,51.513542,-0.073456,1490961
934,no-further-action,Investigation complete; no suspect identified,criminal-damage-arson,51.517692,-0.020800,1693907
935,no-further-action,Investigation complete; no suspect identified,public-order,51.510451,-0.025452,1693357
936,no-further-action,Investigation complete; no suspect identified,vehicle-crime,51.524084,-0.032459,1692631
937,no-further-action,Investigation complete; no suspect identified,violent-crime,51.509464,-0.026676,1693250
938,no-further-action,Investigation complete; no suspect identified,violent-crime,51.523843,-0.043829,1691164
939,no-further-action,Investigation complete; no suspect identified,vehicle-crime,51.539145,-0.021644,1693777
940,no-further-action,Investigation complete; no suspect identified,public-order,51.532034,-0.060549,1688989
941,no-further-action,Investigation complete; no suspect identified,other-theft,51.525153,-0.033451,1692517
942,no-further-action,Investigation complete; no suspect identified,public-order,51.514498,-0.006858,1695425
943,no-further-action,Investigation complete; no suspect identified,theft-from-the-person,51.522003,-0.071758,1687303
944,no-further-action,Investigation complete; no suspect identified,violent-crime,51.525145,-0.042072,1691392
945,no-further-action,Investigation complete; no suspect identified,burglary,51.528558,-0.019897,1693956
946,no-further-action,Investigation complete; no suspect identified,public-order,51.526259,-0.012082,1694845
947,no-further-action,Investigation complete; no suspect identified,violent-crime,51.513509,-0.040482,1691668
948,no-further-action,Investigation complete; no suspect identified,public-order,51.513540,-0.065644,1688175
949,no-further-action,Investigation complete; no suspect identified,vehicle-crime,51.526797,-0.058191,1689401
950,no-further-action,Investigation complete; no suspect identified,theft-from-the-person,51.515971,-0.075674,1686701
951,no-further-action,Investigation complete; no suspect identified,public-order,51.533358,-0.057970,1689287
952,no-further-action,Investigation complete; no suspect identified,criminal-damage-arson,51.499739,-0.021074,1693849
953,no-further-action,Investigation complete; no suspect identified,violent-crime,51.509930,-0.030302,1692745
954,no-further-action,Investigation complete; no suspect identified,drugs,51.494890,-0.014960,1694589
955,no-further-action,Investigation complete; no suspect identified,violent-crime,51.515559,-0.052385,1690196
956,no-further-action,Investigation complete; no suspect identified,violent-crime,51.536950,-0.044666,1691168
957,no-further-action,Investigation complete; no suspect identified,vehicle-crime,51.498740,-0.021607,1693757
958,court-result-unavailable,Court result unavailable,violent-crime,51.512249,-0.040464,1691625
959,no-further-action,Investigation complete; no suspect identified,criminal-damage-arson,51.526797,-0.058191,1689401
960,no-further-action,Investigation complete; no suspect identified,theft-from-the-person,51.521966,-0.046649,1690951
961,no-further-action,Investigation complete; no suspect identified,vehicle-crime,51.530174,-0.048719,1690658
962,no-further-action,Investigation complete; no suspect identified,violent-crime,51.495190,-0.007887,1695310
963,no-further-action,Investigation complete; no suspect identified,robbery,51.520832,-0.076535,1686551
964,no-further-action,Investigation complete; no suspect identified,vehicle-crime,51.496340,-0.024304,1693474
965,no-further-action,Investigation complete; no suspect identified,violent-crime,51.525059,-0.019847,1693975
966,no-further-action,Investigation complete; no suspect identified,violent-crime,51.515559,-0.052385,1690196
967,no-further-action,Investigation complete; no suspect identified,other-theft,51.525039,-0.055743,1689727
968,court-result-unavailable,Court result unavailable,public-order,51.508493,-0.006990,1695430
969,no-further-action,Investigation complete; no suspect identified,burglary,51.516834,-0.070175,1687414
970,no-further-action,Investigation complete; no suspect identified,violent-crime,51.526490,-0.016195,1694421
971,no-further-action,Investigation complete; no suspect identified,shoplifting,51.499731,-0.009476,1695119
972,no-further-action,Investigation complete; no suspect identified,shoplifting,51.524415,-0.075159,1686688
973,no-further-action,Investigation complete; no suspect identified,violent-crime,51.498473,-0.014833,1694535
974,no-further-action,Investigation complete; no suspect identified,theft-from-the-person,51.508588,-0.074039,1686590
975,no-further-action,Investigation complete; no suspect identified,other-theft,51.509818,-0.011429,1694911
976,no-further-action,Investigation complete; no suspect identified,violent-crime,51.512683,-0.042174,1691418
977,no-further-action,Investigation complete; no suspect identified,violent-crime,51.529512,-0.027396,1693138
978,court-result-unavailable,Court result unavailable,violent-crime,51.531905,-0.023197,1693568
979,court-result-unavailable,Court result unavailable,public-order,51.496340,-0.024304,1693474
980,no-further-action,Investigation complete; no suspect identified,vehicle-crime,51.533072,-0.027847,1693043
981,no-further-action,Investigation complete; no suspect identified,shoplifting,51.527032,-0.062016,1688810
982,no-further-action,Investigation complete; no suspect identified,violent-crime,51.519711,-0.026407,1693293
983,no-further-action,Investigation complete; no suspect identified,violent-crime,51.524961,-0.056453,1689522
984,no-further-action,Investigation complete; no suspect identified,shoplifting,51.505066,-0.017558,1694219
985,no-further-action,Investigation complete; no suspect identified,violent-crime,51.512493,-0.062158,1688761
986,no-further-action,Investigation complete; no suspect identified,public-order,51.509520,-0.063451,1688669
987,no-further-action,Investigation complete; no suspect identified,other-theft,51.515826,-0.072869,1687093
988,no-further-action,Investigation complete; no suspect identified,bicycle-theft,51.514856,-0.068615,1687650
989,no-further-action,Investigation complete; no suspect identified,violent-crime,51.509446,-0.002250,1695863
990,no-further-action,Investigation complete; no suspect identified,violent-crime,51.525145,-0.042072,1691392
991,no-further-action,Investigation complete; no suspect identified,other-theft,51.516866,-0.066685,1688029
992,no-further-action,Investigation complete; no suspect identified,violent-crime,51.513567,-0.061319,1688907
993,no-further-action,Investigation complete; no suspect identified,theft-from-the-person,51.516866,-0.066685,1688029
994,no-further-action,Investigation complete; no suspect identified,burglary,51.498473,-0.014833,1694535
995,no-further-action,Investigation complete; no suspect identified,violent-crime,51.520222,-0.035300,1692309
996,no-further-action,Investigation complete; no suspect identified,burglary,51.526641,-0.067579,1687962
997,no-further-action,Investigation complete; no suspect identified,other-theft,51.505114,-0.020928,1693749
998,no-further-action,Investigation complete; no suspect identified,vehicle-crime,51.515053,-0.014170,1694667
999,court-result-unavailable,Court result unavailable,violent-crime,51.499832,-0.018073,1694165
1000,no-further-action,Investigation complete; no suspect identified,drugs,51.515084,-0.019170,1694087
1001,no-further-action,Investigation complete; no suspect identified,other-theft,51.508173,-0.030104,1692831
1002,no-further-action,Investigation complete; no suspect identified,violent-crime,51.529079,-0.063472,1688617
1003,no-further-action,Investigation complete; no suspect identified,violent-crime,51.529079,-0.063472,1688617
1004,no-further-action,Investigation complete; no suspect identified,violent-crime,51.529079,-0.063472,1688617
1005,no-further-action,Investigation complete; no suspect identified,criminal-damage-arson,51.525105,-0.035947,1692139
1006,no-further-action,Investigation complete; no suspect identified,violent-crime,51.501079,-0.024301,1693461
1007,no-further-action,Investigation complete; no suspect identified,burglary,51.539846,-0.028535,1692800
1008,no-further-action,Investigation complete; no suspect identified,theft-from-the-person,51.519193,-0.075603,1686584
1009,no-further-action,Investigation complete; no suspect identified,other-theft,51.504105,-0.059588,1689217
1010,no-further-action,Investigation complete; no suspect identified,other-theft,51.516834,-0.070175,1687414
1011,no-further-action,Investigation complete; no suspect identified,burglary,51.498473,-0.014833,1694535
1012,no-further-action,Investigation complete; no suspect identified,criminal-damage-arson,51.524929,-0.073566,1687022
1013,no-further-action,Investigation complete; no suspect identified,violent-crime,51.500330,-0.017778,1694224
1014,no-further-action,Investigation complete; no suspect identified,public-order,51.533693,-0.025239,1693298
1015,no-further-action,Investigation complete; no suspect identified,shoplifting,51.500330,-0.017778,1694224
1016,no-further-action,Investigation complete; no suspect identified,criminal-damage-arson,51.521966,-0.046649,1690951
1017,no-further-action,Investigation complete; no suspect identified,violent-crime,51.513783,-0.022008,1693728
1018,no-further-action,Investigation complete; no suspect identified,criminal-damage-arson,51.519078,-0.061215,1688954
1019,no-further-action,Investigation complete; no suspect identified,bicycle-theft,51.532759,-0.059278,1689207
1020,no-further-action,Investigation complete; no suspect identified,vehicle-crime,51.527610,-0.020702,1693861
1021,no-further-action,Investigation complete; no suspect identified,criminal-damage-arson,51.510243,-0.061489,1688924
1022,no-further-action,Investigation complete; no suspect identified,criminal-damage-arson,51.518501,-0.050804,1690246
1023,no-further-action,Investigation complete; no suspect identified,violent-crime,51.514347,-0.055723,1689678
1024,no-further-action,Investigation complete; no suspect identified,violent-crime,51.518381,-0.028568,1693059
1025,no-further-action,Investigation complete; no suspect identified,burglary,51.535472,-0.021947,1693736
1026,no-further-action,Investigation complete; no suspect identified,burglary,51.531769,-0.057590,1689476
1027,no-further-action,Investigation complete; no suspect identified,violent-crime,51.518249,-0.068212,1687816
1028,court-result-unavailable,Court result unavailable,criminal-damage-arson,51.515741,-0.060607,1689023
1029,no-further-action,Investigation complete; no suspect identified,violent-crime,51.513377,-0.019272,1693982
1030,no-further-action,Investigation complete; no suspect identified,violent-crime,51.513377,-0.019272,1693982
1031,no-further-action,Investigation complete; no suspect identified,shoplifting,51.502848,-0.009254,1695004
1032,no-further-action,Investigation complete; no suspect identified,robbery,51.518098,-0.068896,1687731
1033,no-further-action,Investigation complete; no suspect identified,bicycle-theft,51.522203,-0.020590,1693815
1034,no-further-action,Investigation complete; no suspect identified,bicycle-theft,51.522203,-0.020590,1693815
1035,no-further-action,Investigation complete; no suspect identified,violent-crime,51.525059,-0.019847,1693975
1036,no-further-action,Investigation complete; no suspect identified,violent-crime,51.525105,-0.035947,1692139
1037,no-further-action,Investigation complete; no suspect identified,theft-from-the-person,51.514799,-0.063515,1688671
1038,no-further-action,Investigation complete; no suspect identified,other-theft,51.496665,-0.018513,1694156
1039,no-further-action,Investigation complete; no suspect identified,vehicle-crime,51.513019,-0.044005,1691255
1040,no-further-action,Investigation complete; no suspect identified,other-theft,51.535624,-0.021378,1693791
1041,no-further-action,Investigation complete; no suspect identified,vehicle-crime,51.517049,-0.060912,1688873
1042,no-further-action,Investigation complete; no suspect identified,criminal-damage-arson,51.529866,-0.030264,1692757
1043,unable-to-prosecute,Unable to prosecute suspect,shoplifting,51.518907,-0.077597,1686345
1044,no-further-action,Investigation complete; no suspect identified,violent-crime,51.516909,-0.024985,1693436
1045,no-further-action,Investigation complete; no suspect identified,criminal-damage-arson,51.535624,-0.021378,1693791
1046,no-further-action,Investigation complete; no suspect identified,burglary,51.529866,-0.030264,1692757
1047,no-further-action,Investigation complete; no suspect identified,burglary,51.516866,-0.049850,1690358
1048,no-further-action,Investigation complete; no suspect identified,public-order,51.520970,-0.018943,1694067
1049,no-further-action,Investigation complete; no suspect identified,burglary,51.512283,-0.018412,1694160
1050,no-further-action,Investigation complete; no suspect identified,other-theft,51.514856,-0.068615,1687650
1051,no-further-action,Investigation complete; no suspect identified,burglary,51.523806,-0.057309,1689533
1052,no-further-action,Investigation complete; no suspect identified,robbery,51.517572,-0.016842,1694306
1053,no-further-action,Investigation complete; no suspect identified,criminal-damage-arson,51.516135,-0.047547,1690871
1054,court-result-unavailable,Court result unavailable,violent-crime,51.530748,-0.020148,1693909
1055,no-further-action,Investigation complete; no suspect identified,burglary,51.499395,-0.019360,1694094
1056,no-further-action,Investigation complete; no suspect identified,other-theft,51.516834,-0.070175,1687414
1057,no-further-action,Investigation complete; no suspect identified,violent-crime,51.510869,-0.008702,1695251
1058,no-further-action,Investigation complete; no suspect identified,violent-crime,51.514856,-0.068615,1687650
1059,no-further-action,Investigation complete; no suspect identified,public-order,51.500330,-0.017778,1694224
1060,no-further-action,Investigation complete; no suspect identified,burglary,51.507524,-0.054270,1689854
1061,no-further-action,Investigation complete; no suspect identified,theft-from-the-person,51.524480,-0.074162,1686922
1062,no-further-action,Investigation complete; no suspect identified,violent-crime,51.523868,-0.012143,1694904
1063,no-further-action,Investigation complete; no suspect identified,violent-crime,51.496945,-0.021800,1693788
1064,no-further-action,Investigation complete; no suspect identified,criminal-damage-arson,51.539282,-0.024983,1693370
1065,local-resolution,Local resolution,drugs,51.510246,-0.023458,1693588
1066,no-further-action,Investigation complete; no suspect identified,vehicle-crime,51.517182,-0.054824,1689904
1067,no-further-action,Investigation complete; no suspect identified,other-theft,51.519117,-0.074518,1686849
1068,no-further-action,Investigation complete; no suspect identified,shoplifting,51.504623,-0.016299,1694351
1069,no-further-action,Investigation complete; no suspect identified,shoplifting,51.504623,-0.016299,1694351
1070,no-further-action,Investigation complete; no suspect identified,public-order,51.508109,-0.008736,1695101
1071,no-further-action,Investigation complete; no suspect identified,violent-crime,51.530514,-0.062142,1688820
1072,no-further-action,Investigation complete; no suspect identified,violent-crime,51.529100,-0.064754,1688390
1073,no-further-action,Investigation complete; no suspect identified,violent-crime,51.518098,-0.068896,1687731
1074,no-further-action,Investigation complete; no suspect identified,robbery,51.515374,-0.039623,1691639
1075,no-further-action,Investigation complete; no suspect identified,vehicle-crime,51.530748,-0.020148,1693909
1076,no-further-action,Investigation complete; no suspect identified,vehicle-crime,51.530748,-0.020148,1693909
1077,no-further-action,Investigation complete; no suspect identified,other-theft,51.517964,-0.062401,1688800
1078,no-further-action,Investigation complete; no suspect identified,theft-from-the-person,51.530621,-0.051238,1690226
1079,no-further-action,Investigation complete; no suspect identified,shoplifting,51.516866,-0.066685,1688029
1080,no-further-action,Investigation complete; no suspect identified,burglary,51.520466,-0.073971,1686928
1081,no-further-action,Investigation complete; no suspect identified,other-theft,51.517083,-0.077169,1686464
1082,no-further-action,Investigation complete; no suspect identified,burglary,51.513898,-0.010199,1695000
1083,no-further-action,Investigation complete; no suspect identified,robbery,51.521184,-0.077746,1686265
1084,no-further-action,Investigation complete; no suspect identified,other-theft,51.516834,-0.070175,1687414
1085,no-further-action,Investigation complete; no suspect identified,vehicle-crime,51.537433,-0.046650,1690883
1086,no-further-action,Investigation complete; no suspect identified,shoplifting,51.504623,-0.016299,1694351
1087,no-further-action,Investigation complete; no suspect identified,violent-crime,51.521000,-0.056218,1689630
1088,court-result-unavailable,Court result unavailable,shoplifting,51.504954,-0.019450,1694097
1089,no-further-action,Investigation complete; no suspect identified,violent-crime,51.509613,-0.054973,1689798
1090,no-further-action,Investigation complete; no suspect identified,criminal-damage-arson,51.526641,-0.067579,1687962
1091,no-further-action,Investigation complete; no suspect identified,public-order,51.511341,-0.011103,1694971
1092,no-further-action,Investigation complete; no suspect identified,burglary,51.506170,-0.067527,1687998
1093,no-further-action,Investigation complete; no suspect identified,other-theft,51.528383,-0.016473,1694148
1094,no-further-action,Investigation complete; no suspect identified,violent-crime,51.506468,-0.057298,1689495
1095,no-further-action,Investigation complete; no suspect identified,public-order,51.513005,-0.033513,1692429
1096,no-further-action,Investigation complete; no suspect identified,public-order,51.513462,-0.071326,1687332
1097,no-further-action,Investigation complete; no suspect identified,vehicle-crime,51.528383,-0.016473,1694148
1098,no-further-action,Investigation complete; no suspect identified,burglary,51.508925,-0.032075,1692613
1099,no-further-action,Investigation complete; no suspect identified,vehicle-crime,51.513005,-0.033513,1692429
1100,no-further-action,Investigation complete; no suspect identified,violent-crime,51.524807,-0.074364,1686929
1101,no-further-action,Investigation complete; no suspect identified,burglary,51.514793,-0.064207,1688489
1102,no-further-action,Investigation complete; no suspect identified,burglary,51.539846,-0.028535,1692800
1103,no-further-action,Investigation complete; no suspect identified,vehicle-crime,51.509890,-0.010892,1695009
1104,local-resolution,Local resolution,drugs,51.520761,-0.067284,1687898
1105,no-further-action,Investigation complete; no suspect identified,robbery,51.503073,-0.018600,1693936
1106,no-further-action,Investigation complete; no suspect identified,shoplifting,51.527032,-0.062016,1688810
1107,no-further-action,Investigation complete; no suspect identified,bicycle-theft,51.525145,-0.042072,1691392
1108,local-resolution,Local resolution,shoplifting,51.524933,-0.035364,1692207
1109,no-further-action,Investigation complete; no suspect identified,criminal-damage-arson,51.512007,-0.047521,1690796
1110,no-further-action,Investigation complete; no suspect identified,burglary,51.520539,-0.058760,1689312
1111,no-further-action,Investigation complete; no suspect identified,violent-crime,51.536735,-0.023767,1693393
1112,no-further-action,Investigation complete; no suspect identified,violent-crime,51.536735,-0.023767,1693393
1113,no-further-action,Investigation complete; no suspect identified,criminal-damage-arson,51.513647,-0.074330,1490955
1114,no-further-action,Investigation complete; no suspect identified,vehicle-crime,51.528797,-0.037288,1692094
1115,no-further-action,Investigation complete; no suspect identified,shoplifting,51.496945,-0.021800,1693788
1116,no-further-action,Investigation complete; no suspect identified,shoplifting,51.496945,-0.021800,1693788
1117,no-further-action,Investigation complete; no suspect identified,shoplifting,51.496945,-0.021800,1693788
1118,no-further-action,Investigation complete; no suspect identified,vehicle-crime,51.516129,-0.045543,1691034
1119,no-further-action,Investigation complete; no suspect identified,robbery,51.527819,-0.021918,1693790
1120,no-further-action,Investigation complete; no suspect identified,theft-from-the-person,51.528782,-0.069467,1687714
1121,no-further-action,Investigation complete; no suspect identified,other-theft,51.521518,-0.073422,1686977
1122,no-further-action,Investigation complete; no suspect identified,vehicle-crime,51.531848,-0.035340,1692121
1123,no-further-action,Investigation complete; no suspect identified,possession-of-weapons,51.532047,-0.028959,1692873
1124,local-resolution,Local resolution,drugs,51.510032,-0.043917,1691252
1125,no-further-action,Investigation complete; no suspect identified,public-order,51.516834,-0.070175,1687414
1126,no-further-action,Investigation complete; no suspect identified,violent-crime,51.505743,-0.010813,1695037
1127,no-further-action,Investigation complete; no suspect identified,vehicle-crime,51.515559,-0.052385,1690196
1128,no-further-action,Investigation complete; no suspect identified,vehicle-crime,51.530621,-0.051238,1690226
1129,no-further-action,Investigation complete; no suspect identified,vehicle-crime,51.530621,-0.051238,1690226
1130,no-further-action,Investigation complete; no suspect identified,violent-crime,51.508692,-0.020369,1693865
1131,no-further-action,Investigation complete; no suspect identified,public-order,51.512683,-0.042174,1691418
1132,no-further-action,Investigation complete; no suspect identified,violent-crime,51.528179,-0.048790,1690529
1133,no-further-action,Investigation complete; no suspect identified,burglary,51.509306,-0.064656,1688469
1134,no-further-action,Investigation complete; no suspect identified,violent-crime,51.520539,-0.058760,1689312
1135,no-further-action,Investigation complete; no suspect identified,criminal-damage-arson,51.524583,-0.033764,1692374
1136,no-further-action,Investigation complete; no suspect identified,other-crime,51.526110,-0.034708,1692288
1137,no-further-action,Investigation complete; no suspect identified,vehicle-crime,51.513162,-0.004437,1695641
1138,no-further-action,Investigation complete; no suspect identified,burglary,51.511181,-0.051390,1690138
1139,no-further-action,Investigation complete; no suspect identified,violent-crime,51.517392,-0.040387,1691689
1140,no-further-action,Investigation complete; no suspect identified,violent-crime,51.520222,-0.035300,1692309
1141,no-further-action,Investigation complete; no suspect identified,violent-crime,51.523216,-0.019855,1694001
1142,no-further-action,Investigation complete; no suspect identified,violent-crime,51.490154,-0.021158,1693874
1143,no-further-action,Investigation complete; no suspect identified,other-theft,51.509133,-0.061248,1688928
1144,no-further-action,Investigation complete; no suspect identified,public-order,51.532448,-0.064900,1688416
1145,no-further-action,Investigation complete; no suspect identified,criminal-damage-arson,51.516965,-0.034741,1692266
1146,no-further-action,Investigation complete; no suspect identified,theft-from-the-person,51.526942,-0.024868,1693491
1147,no-further-action,Investigation complete; no suspect identified,theft-from-the-person,51.524032,-0.071542,1687315
1148,no-further-action,Investigation complete; no suspect identified,public-order,51.507432,-0.068295,1687719
1149,no-further-action,Investigation complete; no suspect identified,violent-crime,51.514817,-0.065143,1688334
1150,no-further-action,Investigation complete; no suspect identified,other-theft,51.520981,-0.055585,1689670
1151,no-further-action,Investigation complete; no suspect identified,other-theft,51.529386,-0.058124,1689407
1152,no-further-action,Investigation complete; no suspect identified,violent-crime,51.517904,-0.017332,1694256
1153,no-further-action,Investigation complete; no suspect identified,public-order,51.498473,-0.014833,1694535
1154,no-further-action,Investigation complete; no suspect identified,violent-crime,51.527222,-0.055578,1689738
1155,no-further-action,Investigation complete; no suspect identified,public-order,51.513096,-0.057823,1689405
1156,no-further-action,Investigation complete; no suspect identified,theft-from-the-person,51.522046,-0.075475,1686645
1157,no-further-action,Investigation complete; no suspect identified,robbery,51.521582,-0.050053,1690502
1158,no-further-action,Investigation complete; no suspect identified,criminal-damage-arson,51.530829,-0.019121,1693863
1159,no-further-action,Investigation complete; no suspect identified,violent-crime,51.514353,-0.051255,1690254
1160,no-further-action,Investigation complete; no suspect identified,other-crime,51.527225,-0.060148,1689125
1161,no-further-action,Investigation complete; no suspect identified,vehicle-crime,51.509427,0.000991,1696028
1162,no-further-action,Investigation complete; no suspect identified,violent-crime,51.515951,-0.025286,1693352
1163,no-further-action,Investigation complete; no suspect identified,theft-from-the-person,51.521582,-0.050053,1690502
1164,no-further-action,Investigation complete; no suspect identified,violent-crime,51.517049,-0.060912,1688873
1165,no-further-action,Investigation complete; no suspect identified,violent-crime,51.517049,-0.060912,1688873
1166,no-further-action,Investigation complete; no suspect identified,violent-crime,51.517049,-0.060912,1688873
1167,no-further-action,Investigation complete; no suspect identified,violent-crime,51.517049,-0.060912,1688873
1168,no-further-action,Investigation complete; no suspect identified,violent-crime,51.517049,-0.060912,1688873
1169,no-further-action,Investigation complete; no suspect identified,burglary,51.535624,-0.021378,1693791
1170,no-further-action,Investigation complete; no suspect identified,violent-crime,51.539160,-0.024138,1693548
1171,no-further-action,Investigation complete; no suspect identified,bicycle-theft,51.528239,-0.048067,1690744
1172,court-result-unavailable,Court result unavailable,public-order,51.514498,-0.006858,1695425
1173,no-further-action,Investigation complete; no suspect identified,criminal-damage-arson,51.533072,-0.027847,1693043
1174,no-further-action,Investigation complete; no suspect identified,burglary,51.507120,-0.052644,1690129
1175,no-further-action,Investigation complete; no suspect identified,shoplifting,51.516866,-0.066685,1688029
1176,no-further-action,Investigation complete; no suspect identified,other-theft,51.522234,-0.012286,1694861
1177,no-further-action,Investigation complete; no suspect identified,bicycle-theft,51.516866,-0.066685,1688029
1178,no-further-action,Investigation complete; no suspect identified,violent-crime,51.512609,-0.057238,1689488
1179,no-further-action,Investigation complete; no suspect identified,other-theft,51.502780,-0.013723,1694711
1180,no-further-action,Investigation complete; no suspect identified,violent-crime,51.514338,-0.018135,1694138
1181,no-further-action,Investigation complete; no suspect identified,violent-crime,51.527898,-0.058433,1689322
1182,no-further-action,Investigation complete; no suspect identified,other-crime,51.525059,-0.019847,1693975
1183,no-further-action,Investigation complete; no suspect identified,violent-crime,51.512265,-0.039786,1691738
1184,no-further-action,Investigation complete; no suspect identified,public-order,51.528117,-0.053709,1689926
1185,no-further-action,Investigation complete; no suspect identified,theft-from-the-person,51.524594,-0.037108,1691972
1186,no-further-action,Investigation complete; no suspect identified,criminal-damage-arson,51.534786,-0.031955,1692689
1187,no-further-action,Investigation complete; no suspect identified,criminal-damage-arson,51.534786,-0.031955,1692689
1188,no-further-action,Investigation complete; no suspect identified,bicycle-theft,51.508173,-0.030104,1692831
1189,no-further-action,Investigation complete; no suspect identified,bicycle-theft,51.508173,-0.030104,1692831
1190,no-further-action,Investigation complete; no suspect identified,other-theft,51.526732,-0.027300,1693025
1191,no-further-action,Investigation complete; no suspect identified,theft-from-the-person,51.528782,-0.069467,1687714
1192,no-further-action,Investigation complete; no suspect identified,other-theft,51.515795,-0.043324,1691223
1193,local-resolution,Local resolution,drugs,51.514067,-0.036249,1692189
1194,no-further-action,Investigation complete; no suspect identified,burglary,51.514559,-0.014710,1694613
1195,no-further-action,Investigation complete; no suspect identified,violent-crime,51.513496,-0.037557,1691994
1196,no-further-action,Investigation complete; no suspect identified,vehicle-crime,51.514893,-0.035623,1692221
1197,no-further-action,Investigation complete; no suspect identified,violent-crime,51.526843,-0.059876,1689100
1198,no-further-action,Investigation complete; no suspect identified,violent-crime,51.496237,-0.016630,1694241
1199,no-further-action,Investigation complete; no suspect identified,violent-crime,51.496237,-0.016630,1694241
1200,no-further-action,Investigation complete; no suspect identified,shoplifting,51.494253,-0.013619,1694668
1201,no-further-action,Investigation complete; no suspect identified,vehicle-crime,51.512007,-0.047521,1690796
1202,no-further-action,Investigation complete; no suspect identified,violent-crime,51.521671,-0.076716,1686382
1203,court-result-unavailable,Court result unavailable,violent-crime,51.523806,-0.057309,1689533
1204,court-result-unavailable,Court result unavailable,violent-crime,51.523806,-0.057309,1689533
1205,no-further-action,Investigation complete; no suspect identified,theft-from-the-person,51.513903,-0.057716,1689383
1206,no-further-action,Investigation complete; no suspect identified,criminal-damage-arson,51.491712,-0.022877,1693647
1207,no-further-action,Investigation complete; no suspect identified,robbery,51.515237,-0.068786,1687651
1208,no-further-action,Investigation complete; no suspect identified,criminal-damage-arson,51.524032,-0.071542,1687315
1209,no-further-action,Investigation complete; no suspect identified,criminal-damage-arson,51.524032,-0.071542,1687315
1210,no-further-action,Investigation complete; no suspect identified,theft-from-the-person,51.522003,-0.071715,1687316
1211,no-further-action,Investigation complete; no suspect identified,theft-from-the-person,51.528782,-0.069467,1687714
1212,no-further-action,Investigation complete; no suspect identified,robbery,51.526936,-0.037325,1691853
1213,no-further-action,Investigation complete; no suspect identified,public-order,51.513395,-0.034765,1692284
1214,no-further-action,Investigation complete; no suspect identified,theft-from-the-person,51.509133,-0.061248,1688928
1215,no-further-action,Investigation complete; no suspect identified,other-theft,51.522272,-0.054794,1689811
1216,no-further-action,Investigation complete; no suspect identified,violent-crime,51.515636,-0.074448,1686920
1217,no-further-action,Investigation complete; no suspect identified,shoplifting,51.504623,-0.016299,1694351
1218,no-further-action,Investigation complete; no suspect identified,violent-crime,51.508804,-0.018995,1694143
1219,no-further-action,Investigation complete; no suspect identified,other-theft,51.541747,-0.025540,1693391
1220,no-further-action,Investigation complete; no suspect identified,other-theft,51.541747,-0.025540,1693391
1221,no-further-action,Investigation complete; no suspect identified,other-theft,51.541747,-0.025540,1693391
1222,no-further-action,Investigation complete; no suspect identified,vehicle-crime,51.498740,-0.021607,1693757
1223,no-further-action,Investigation complete; no suspect identified,public-order,51.489309,-0.021699,1693796
1224,no-further-action,Investigation complete; no suspect identified,theft-from-the-person,51.513567,-0.061319,1688907
1225,no-further-action,Investigation complete; no suspect identified,burglary,51.534000,-0.058721,1689283
1226,no-further-action,Investigation complete; no suspect identified,theft-from-the-person,51.516866,-0.066685,1688029
1227,no-further-action,Investigation complete; no suspect identified,robbery,51.521800,-0.052926,1690096
1228,no-further-action,Investigation complete; no suspect identified,shoplifting,51.532355,-0.056731,1689641
1229,no-further-action,Investigation complete; no suspect identified,burglary,51.509306,-0.064656,1688469
1230,no-further-action,Investigation complete; no suspect identified,vehicle-crime,51.522069,-0.038817,1691866
1231,no-further-action,Investigation complete; no suspect identified,violent-crime,51.529103,-0.061683,1688766
1232,no-further-action,Investigation complete; no suspect identified,burglary,51.533250,-0.062285,1688806
1233,no-further-action,Investigation complete; no suspect identified,criminal-damage-arson,51.512330,-0.022791,1693492
1234,no-further-action,Investigation complete; no suspect identified,vehicle-crime,51.516443,-0.062307,1688855
1235,no-further-action,Investigation complete; no suspect identified,public-order,51.527340,-0.058889,1689163
1236,no-further-action,Investigation complete; no suspect identified,criminal-damage-arson,51.508287,-0.028341,1693062
1237,no-further-action,Investigation complete; no suspect identified,vehicle-crime,51.498000,-0.020890,1693879
1238,no-further-action,Investigation complete; no suspect identified,vehicle-crime,51.498000,-0.020890,1693879
1239,no-further-action,Investigation complete; no suspect identified,violent-crime,51.519121,-0.046468,1690772
1240,no-further-action,Investigation complete; no suspect identified,violent-crime,51.520594,-0.020646,1693908
1241,local-resolution,Local resolution,drugs,51.515594,-0.067561,1687926
1242,no-further-action,Investigation complete; no suspect identified,burglary,51.537563,-0.044755,1691117
1243,no-further-action,Investigation complete; no suspect identified,violent-crime,51.518077,-0.038902,1691808
1244,no-further-action,Investigation complete; no suspect identified,violent-crime,51.518077,-0.038902,1691808
1245,no-further-action,Investigation complete; no suspect identified,violent-crime,51.532759,-0.059278,1689207
1246,no-further-action,Investigation complete; no suspect identified,shoplifting,51.527032,-0.062016,1688810
1247,no-further-action,Investigation complete; no suspect identified,violent-crime,51.516563,-0.039198,1691818
1248,no-further-action,Investigation complete; no suspect identified,vehicle-crime,51.512269,-0.006955,1695387
1249,no-further-action,Investigation complete; no suspect identified,shoplifting,51.533273,-0.029122,1692949
1250,no-further-action,Investigation complete; no suspect identified,vehicle-crime,51.498025,-0.021336,1693840
1251,no-further-action,Investigation complete; no suspect identified,vehicle-crime,51.498025,-0.021336,1693840
1252,no-further-action,Investigation complete; no suspect identified,shoplifting,51.498473,-0.014833,1694535
1253,court-result-unavailable,Court result unavailable,shoplifting,51.512642,-0.076145,1490946
1254,no-further-action,Investigation complete; no suspect identified,shoplifting,51.504623,-0.016299,1694351
1255,no-further-action,Investigation complete; no suspect identified,violent-crime,51.494253,-0.013619,1694668
1256,no-further-action,Investigation complete; no suspect identified,violent-crime,51.519831,-0.035699,1692075
1257,no-further-action,Investigation complete; no suspect identified,public-order,51.536396,-0.046492,1690850
1258,no-further-action,Investigation complete; no suspect identified,other-theft,51.518898,-0.077078,1686429
1259,no-further-action,Investigation complete; no suspect identified,bicycle-theft,51.537761,-0.023290,1693593
1260,no-further-action,Investigation complete; no suspect identified,other-theft,51.523634,-0.075769,1686579
1261,no-further-action,Investigation complete; no suspect identified,other-theft,51.533844,-0.030467,1692861
1262,no-further-action,Investigation complete; no suspect identified,vehicle-crime,51.515684,-0.071909,1687267
1263,no-further-action,Investigation complete; no suspect identified,vehicle-crime,51.515684,-0.071909,1687267
1264,no-further-action,Investigation complete; no suspect identified,vehicle-crime,51.515684,-0.071909,1687267
1265,no-further-action,Investigation complete; no suspect identified,vehicle-crime,51.507267,-0.012635,1694795
1266,no-further-action,Investigation complete; no suspect identified,violent-crime,51.528383,-0.016473,1694148
1267,no-further-action,Investigation complete; no suspect identified,theft-from-the-person,51.516010,-0.067644,1687818
1268,no-further-action,Investigation complete; no suspect identified,violent-crime,51.518913,-0.057244,1689539
1269,no-further-action,Investigation complete; no suspect identified,other-theft,51.508109,-0.008736,1695101
1270,no-further-action,Investigation complete; no suspect identified,vehicle-crime,51.509446,-0.002250,1695863
1271,no-further-action,Investigation complete; no suspect identified,other-theft,51.515971,-0.075674,1686701
1272,no-further-action,Investigation complete; no suspect identified,violent-crime,51.506657,-0.005874,1695458
1273,no-further-action,Investigation complete; no suspect identified,robbery,51.527833,-0.021673,1693795
1274,no-further-action,Investigation complete; no suspect identified,violent-crime,51.512887,-0.046878,1690886
1275,no-further-action,Investigation complete; no suspect identified,violent-crime,51.512921,-0.025850,1693330
1276,no-further-action,Investigation complete; no suspect identified,violent-crime,51.521582,-0.050053,1690502
1277,no-further-action,Investigation complete; no suspect identified,shoplifting,51.499731,-0.009476,1695119
1278,no-further-action,Investigation complete; no suspect identified,criminal-damage-arson,51.517182,-0.054824,1689904
1279,no-further-action,Investigation complete; no suspect identified,vehicle-crime,51.498740,-0.021607,1693757
1280,no-further-action,Investigation complete; no suspect identified,criminal-damage-arson,51.529862,-0.067346,1687992
1281,no-further-action,Investigation complete; no suspect identified,vehicle-crime,51.532351,-0.022428,1693659
1282,no-further-action,Investigation complete; no suspect identified,other-theft,51.515920,-0.058971,1689081
1283,drugs-possession-warning,Offender given a drugs possession warning,drugs,51.515178,-0.076716,1490945
1284,no-further-action,Investigation complete; no suspect identified,vehicle-crime,51.521175,-0.039144,1691804
1285,no-further-action,Investigation complete; no suspect identified,theft-from-the-person,51.511282,-0.056934,1689608
1286,no-further-action,Investigation complete; no suspect identified,theft-from-the-person,51.511282,-0.056934,1689608
1287,no-further-action,Investigation complete; no suspect identified,violent-crime,51.528797,-0.037288,1692094
1288,no-further-action,Investigation complete; no suspect identified,violent-crime,51.497515,-0.024657,1693406
1289,no-further-action,Investigation complete; no suspect identified,public-order,51.511130,-0.056984,1689574
1290,no-further-action,Investigation complete; no suspect identified,other-theft,51.516128,-0.071588,1687357
1291,no-further-action,Investigation complete; no suspect identified,vehicle-crime,51.520100,-0.012653,1694846
1292,no-further-action,Investigation complete; no suspect identified,theft-from-the-person,51.524753,-0.065630,1688238
1293,no-further-action,Investigation complete; no suspect identified,theft-from-the-person,51.523581,-0.073104,1686961
1294,no-further-action,Investigation complete; no suspect identified,public-order,51.525429,-0.055914,1689681
1295,no-further-action,Investigation complete; no suspect identified,violent-crime,51.533155,-0.052211,1690062
1296,no-further-action,Investigation complete; no suspect identified,vehicle-crime,51.496452,-0.019747,1694046
1297,no-further-action,Investigation complete; no suspect identified,violent-crime,51.513162,-0.004437,1695641
1298,no-further-action,Investigation complete; no suspect identified,bicycle-theft,51.520981,-0.055585,1689670
1299,no-further-action,Investigation complete; no suspect identified,theft-from-the-person,51.519374,-0.027733,1693079
1300,no-further-action,Investigation complete; no suspect identified,violent-crime,51.498093,-0.018941,1694048
1301,no-further-action,Investigation complete; no suspect identified,violent-crime,51.525145,-0.042072,1691392
1302,no-further-action,Investigation complete; no suspect identified,violent-crime,51.520151,-0.028478,1693061
1303,no-further-action,Investigation complete; no suspect identified,public-order,51.512763,-0.013794,1694610
1304,no-further-action,Investigation complete; no suspect identified,violent-crime,51.522996,-0.033487,1692267
1305,no-further-action,Investigation complete; no suspect identified,other-theft,51.510275,-0.012893,1694737
1306,no-further-action,Investigation complete; no suspect identified,public-order,51.515684,-0.071909,1687267
1307,no-further-action,Investigation complete; no suspect identified,public-order,51.511765,-0.060589,1689066
1308,no-further-action,Investigation complete; no suspect identified,violent-crime,51.518744,-0.061676,1688865
1309,no-further-action,Investigation complete; no suspect identified,shoplifting,51.511719,-0.013205,1694734
1310,no-further-action,Investigation complete; no suspect identified,robbery,51.519052,-0.076567,1686514
1311,no-further-action,Investigation complete; no suspect identified,violent-crime,51.522136,-0.063983,1688447
1312,no-further-action,Investigation complete; no suspect identified,violent-crime,51.514856,-0.068615,1687650
1313,no-further-action,Investigation complete; no suspect identified,violent-crime,51.515572,-0.027825,1693085
1314,no-further-action,Investigation complete; no suspect identified,violent-crime,51.524642,-0.043723,1691310
1315,no-further-action,Investigation complete; no suspect identified,bicycle-theft,51.534337,-0.057322,1689464
1316,no-further-action,Investigation complete; no suspect identified,criminal-damage-arson,51.510033,-0.062939,1688678
1317,no-further-action,Investigation complete; no suspect identified,violent-crime,51.514280,-0.054962,1689826
1318,court-result-unavailable,Court result unavailable,violent-crime,51.515313,-0.072300,1687197
1319,court-result-unavailable,Court result unavailable,violent-crime,51.532536,-0.032917,1692409
1320,no-further-action,Investigation complete; no suspect identified,theft-from-the-person,51.506307,-0.036280,1691996
1321,no-further-action,Investigation complete; no suspect identified,vehicle-crime,51.516600,-0.012056,1694871
1322,no-further-action,Investigation complete; no suspect identified,vehicle-crime,51.516600,-0.012056,1694871
1323,no-further-action,Investigation complete; no suspect identified,violent-crime,51.518131,-0.021762,1693654
1324,local-resolution,Local resolution,drugs,51.530829,-0.019121,1693863
1325,no-further-action,Investigation complete; no suspect identified,theft-from-the-person,51.509133,-0.061248,1688928
1326,no-further-action,Investigation complete; no suspect identified,violent-crime,51.496237,-0.016630,1694241
1327,no-further-action,Investigation complete; no suspect identified,public-order,51.517755,-0.057365,1689517
1328,no-further-action,Investigation complete; no suspect identified,public-order,51.509133,-0.061248,1688928
1329,no-further-action,Investigation complete; no suspect identified,robbery,51.533358,-0.057970,1689287
1330,no-further-action,Investigation complete; no suspect identified,burglary,51.518087,-0.065495,1688326
1331,no-further-action,Investigation complete; no suspect identified,violent-crime,51.518258,-0.071498,1687256
1332,no-further-action,Investigation complete; no suspect identified,violent-crime,51.538150,-0.028233,1693068
1333,no-further-action,Investigation complete; no suspect identified,violent-crime,51.514451,-0.028594,1692988
1334,no-further-action,Investigation complete; no suspect identified,violent-crime,51.508804,-0.018995,1694143
1335,no-further-action,Investigation complete; no suspect identified,other-theft,51.504648,-0.025314,1693341
1336,no-further-action,Investigation complete; no suspect identified,other-theft,51.504648,-0.025314,1693341
1337,no-further-action,Investigation complete; no suspect identified,violent-crime,51.526621,-0.051351,1690324
1338,no-further-action,Investigation complete; no suspect identified,violent-crime,51.522945,-0.020847,1693745
1339,no-further-action,Investigation complete; no suspect identified,violent-crime,51.501079,-0.024301,1693461
1340,no-further-action,Investigation complete; no suspect identified,vehicle-crime,51.517656,-0.077563,1490935
1341,no-further-action,Investigation complete; no suspect identified,shoplifting,51.504623,-0.016299,1694351
1342,court-result-unavailable,Court result unavailable,violent-crime,51.523806,-0.057309,1689533
1343,court-result-unavailable,Court result unavailable,drugs,51.522774,-0.067776,1687870
1344,no-further-action,Investigation complete; no suspect identified,violent-crime,51.514817,-0.065143,1688334
1345,no-further-action,Investigation complete; no suspect identified,violent-crime,51.527355,-0.024274,1693444
1346,no-further-action,Investigation complete; no suspect identified,theft-from-the-person,51.519052,-0.076567,1686514
1347,no-further-action,Investigation complete; no suspect identified,violent-crime,51.522582,-0.070840,1687370
1348,unable-to-prosecute,Unable to prosecute suspect,drugs,51.509785,-0.068095,1687860
1349,cautioned,Offender given a caution,drugs,51.516483,-0.023231,1693627
1350,no-further-action,Investigation complete; no suspect identified,theft-from-the-person,51.531202,-0.056995,1689519
1351,no-further-action,Investigation complete; no suspect identified,violent-crime,51.517572,-0.016842,1694306
1352,no-further-action,Investigation complete; no suspect identified,criminal-damage-arson,51.502404,-0.013826,1694655
1353,court-result-unavailable,Court result unavailable,drugs,51.509075,-0.069767,1687559
1354,no-further-action,Investigation complete; no suspect identified,violent-crime,51.511348,-0.028512,1692969
1355,no-further-action,Investigation complete; no suspect identified,other-theft,51.510590,-0.048821,1690484
1356,no-further-action,Investigation complete; no suspect identified,public-order,51.509133,-0.061248,1688928
1357,no-further-action,Investigation complete; no suspect identified,violent-crime,51.514851,-0.007534,1695375
1358,no-further-action,Investigation complete; no suspect identified,burglary,51.515754,-0.023147,1693587
1359,no-further-action,Investigation complete; no suspect identified,public-order,51.532768,-0.030629,1692846
1360,no-further-action,Investigation complete; no suspect identified,violent-crime,51.531198,-0.030322,1692817
1361,no-further-action,Investigation complete; no suspect identified,violent-crime,51.531198,-0.030322,1692817
1362,no-further-action,Investigation complete; no suspect identified,violent-crime,51.509161,-0.024686,1693380
1363,no-further-action,Investigation complete; no suspect identified,public-order,51.532314,-0.042760,1691315
1364,no-further-action,Investigation complete; no suspect identified,vehicle-crime,51.512265,-0.039786,1691738
1365,no-further-action,Investigation complete; no suspect identified,vehicle-crime,51.508196,0.000923,1696048
1366,no-further-action,Investigation complete; no suspect identified,violent-crime,51.518209,-0.067435,1687912
1367,no-further-action,Investigation complete; no suspect identified,vehicle-crime,51.516899,-0.057229,1689371
1368,no-further-action,Investigation complete; no suspect identified,drugs,51.534485,-0.060286,1689080
1369,no-further-action,Investigation complete; no suspect identified,burglary,51.520594,-0.020646,1693908
1370,no-further-action,Investigation complete; no suspect identified,bicycle-theft,51.522164,-0.046164,1691015
1371,no-further-action,Investigation complete; no suspect identified,violent-crime,51.516522,-0.019640,1694047
1372,no-further-action,Investigation complete; no suspect identified,violent-crime,51.501547,-0.025405,1693421
1373,no-further-action,Investigation complete; no suspect identified,vehicle-crime,51.516899,-0.057229,1689371
1374,no-further-action,Investigation complete; no suspect identified,violent-crime,51.519078,-0.061215,1688954
1375,no-further-action,Investigation complete; no suspect identified,criminal-damage-arson,51.518498,-0.069672,1687585
1376,no-further-action,Investigation complete; no suspect identified,vehicle-crime,51.516381,-0.060753,1689025
1377,no-further-action,Investigation complete; no suspect identified,violent-crime,51.514383,-0.037374,1692068
1378,no-further-action,Investigation complete; no suspect identified,burglary,51.522254,-0.037007,1692042
1379,no-further-action,Investigation complete; no suspect identified,drugs,51.508109,-0.008736,1695101
1380,no-further-action,Investigation complete; no suspect identified,other-theft,51.527032,-0.062016,1688810
1381,no-further-action,Investigation complete; no suspect identified,other-theft,51.527032,-0.062016,1688810
1382,no-further-action,Investigation complete; no suspect identified,other-crime,51.497217,-0.012366,1694865
1383,no-further-action,Investigation complete; no suspect identified,vehicle-crime,51.516982,-0.064979,1688365
1384,no-further-action,Investigation complete; no suspect identified,violent-crime,51.510869,-0.008702,1695251
1385,no-further-action,Investigation complete; no suspect identified,drugs,51.512364,-0.056557,1689598
1386,no-further-action,Investigation complete; no suspect identified,other-theft,51.518289,-0.072673,1687130
1387,no-further-action,Investigation complete; no suspect identified,other-theft,51.541747,-0.025540,1693391
1388,no-further-action,Investigation complete; no suspect identified,other-theft,51.508588,-0.074039,1686590
1389,no-further-action,Investigation complete; no suspect identified,violent-crime,51.519161,-0.059165,1689073
1390,no-further-action,Investigation complete; no suspect identified,public-order,51.527833,-0.021673,1693795
1391,no-further-action,Investigation complete; no suspect identified,violent-crime,51.506033,-0.056538,1689664
1392,no-further-action,Investigation complete; no suspect identified,burglary,51.513898,-0.010199,1695000
1393,no-further-action,Investigation complete; no suspect identified,violent-crime,51.513893,-0.070746,1687378
1394,no-further-action,Investigation complete; no suspect identified,vehicle-crime,51.526016,-0.026451,1693191
1395,no-further-action,Investigation complete; no suspect identified,violent-crime,51.512562,-0.021614,1693814
1396,no-further-action,Investigation complete; no suspect identified,theft-from-the-person,51.509133,-0.061248,1688928
1397,local-resolution,Local resolution,drugs,51.512265,-0.039786,1691738
1398,no-further-action,Investigation complete; no suspect identified,violent-crime,51.506657,-0.005874,1695458
1399,no-further-action,Investigation complete; no suspect identified,violent-crime,51.517119,-0.040226,1691672
1400,no-further-action,Investigation complete; no suspect identified,bicycle-theft,51.528775,-0.055959,1689747
1401,no-further-action,Investigation complete; no suspect identified,theft-from-the-person,51.516010,-0.067644,1687818
1402,no-further-action,Investigation complete; no suspect identified,violent-crime,51.512519,-0.046375,1690896
1403,no-further-action,Investigation complete; no suspect identified,violent-crime,51.533751,-0.034551,1692358
1404,no-further-action,Investigation complete; no suspect identified,burglary,51.514817,-0.065143,1688334
1405,no-further-action,Investigation complete; no suspect identified,public-order,51.498473,-0.014833,1694535
1406,no-further-action,Investigation complete; no suspect identified,violent-crime,51.538314,-0.041262,1691393
1407,court-result-unavailable,Court result unavailable,shoplifting,51.511164,-0.075401,1490951
1408,no-further-action,Investigation complete; no suspect identified,violent-crime,51.537288,-0.027780,1693063
1409,no-further-action,Investigation complete; no suspect identified,other-theft,51.510164,-0.068713,1687635
1410,no-further-action,Investigation complete; no suspect identified,vehicle-crime,51.520779,-0.031636,1692639
1411,no-further-action,Investigation complete; no suspect identified,violent-crime,51.514451,-0.028594,1692988
1412,no-further-action,Investigation complete; no suspect identified,other-theft,51.514793,-0.064207,1688489
1413,no-further-action,Investigation complete; no suspect identified,shoplifting,51.509520,-0.063451,1688669
1414,no-further-action,Investigation complete; no suspect identified,burglary,51.522936,-0.037453,1692038
1415,no-further-action,Investigation complete; no suspect identified,bicycle-theft,51.523113,-0.050218,1690372
1416,no-further-action,Investigation complete; no suspect identified,violent-crime,51.518831,-0.010503,1695006
1417,no-further-action,Investigation complete; no suspect identified,violent-crime,51.519078,-0.061215,1688954
1418,no-further-action,Investigation complete; no suspect identified,other-theft,51.519193,-0.075603,1686584
1419,no-further-action,Investigation complete; no suspect identified,criminal-damage-arson,51.523868,-0.012143,1694904
1420,no-further-action,Investigation complete; no suspect identified,vehicle-crime,51.504305,-0.007130,1695369
1421,no-further-action,Investigation complete; no suspect identified,violent-crime,51.498093,-0.018941,1694048
1422,no-further-action,Investigation complete; no suspect identified,violent-crime,51.509446,-0.002250,1695863
1423,no-further-action,Investigation complete; no suspect identified,robbery,51.527833,-0.021673,1693795
1424,court-result-unavailable,Court result unavailable,other-theft,51.512642,-0.076145,1490946
1425,no-further-action,Investigation complete; no suspect identified,violent-crime,51.526016,-0.026451,1693191
1426,no-further-action,Investigation complete; no suspect identified,vehicle-crime,51.498025,-0.021336,1693840
1427,no-further-action,Investigation complete; no suspect identified,criminal-damage-arson,51.511828,-0.010130,1695057
1428,no-further-action,Investigation complete; no suspect identified,public-order,51.519376,-0.019300,1694062
1429,no-further-action,Investigation complete; no suspect identified,public-order,51.530695,-0.055171,1689776
1430,penalty-notice-issued,Offender given penalty notice,drugs,51.513903,-0.057716,1689383
1431,no-further-action,Investigation complete; no suspect identified,vehicle-crime,51.527032,-0.062016,1688810
1432,no-further-action,Investigation complete; no suspect identified,criminal-damage-arson,51.508673,-0.026149,1693325
1433,no-further-action,Investigation complete; no suspect identified,other-theft,51.518334,-0.077203,1686418
1434,no-further-action,Investigation complete; no suspect identified,other-theft,51.524977,-0.067769,1687869
1435,no-further-action,Investigation complete; no suspect identified,other-theft,51.498093,-0.018941,1694048
1436,no-further-action,Investigation complete; no suspect identified,burglary,51.529649,-0.050140,1690381
1437,no-further-action,Investigation complete; no suspect identified,burglary,51.532239,-0.048516,1690670
1438,no-further-action,Investigation complete; no suspect identified,burglary,51.532239,-0.048516,1690670
1439,no-further-action,Investigation complete; no suspect identified,violent-crime,51.496237,-0.016630,1694241
1440,no-further-action,Investigation complete; no suspect identified,theft-from-the-person,51.515261,-0.071884,1687317
1441,no-further-action,Investigation complete; no suspect identified,other-theft,51.516059,-0.031667,1692700
1442,no-further-action,Investigation complete; no suspect identified,violent-crime,51.522069,-0.038817,1691866
1443,no-further-action,Investigation complete; no suspect identified,violent-crime,51.534607,-0.054124,1689903
1444,no-further-action,Investigation complete; no suspect identified,criminal-damage-arson,51.524189,-0.013599,1694736
1445,no-further-action,Investigation complete; no suspect identified,shoplifting,51.513145,-0.070100,1687562
1446,no-further-action,Investigation complete; no suspect identified,theft-from-the-person,51.526732,-0.027300,1693025
1447,no-further-action,Investigation complete; no suspect identified,theft-from-the-person,51.523880,-0.059613,1689024
1448,no-further-action,Investigation complete; no suspect identified,violent-crime,51.525145,-0.042072,1691392
1449,no-further-action,Investigation complete; no suspect identified,theft-from-the-person,51.522164,-0.046164,1691015
1450,no-further-action,Investigation complete; no suspect identified,public-order,51.517366,-0.073035,1687099
1451,no-further-action,Investigation complete; no suspect identified,other-theft,51.519775,-0.071852,1687106
1452,no-further-action,Investigation complete; no suspect identified,burglary,51.516866,-0.066685,1688029
1453,no-further-action,Investigation complete; no suspect identified,burglary,51.516866,-0.066685,1688029
1454,no-further-action,Investigation complete; no suspect identified,other-theft,51.510379,-0.005265,1695470
1455,no-further-action,Investigation complete; no suspect identified,other-theft,51.535472,-0.021947,1693736
1456,no-further-action,Investigation complete; no suspect identified,other-theft,51.500073,-0.025454,1693335
1457,no-further-action,Investigation complete; no suspect identified,bicycle-theft,51.522760,-0.050103,1690511
1458,no-further-action,Investigation complete; no suspect identified,public-order,51.514627,-0.072156,1687219
1459,no-further-action,Investigation complete; no suspect identified,violent-crime,51.526338,-0.065765,1688275
1460,no-further-action,Investigation complete; no suspect identified,theft-from-the-person,51.520492,-0.075555,1686666
1461,no-further-action,Investigation complete; no suspect identified,theft-from-the-person,51.525153,-0.033451,1692517
1462,no-further-action,Investigation complete; no suspect identified,burglary,51.523879,-0.067152,1687873
1463,no-further-action,Investigation complete; no suspect identified,bicycle-theft,51.521245,-0.052517,1690150
1464,no-further-action,Investigation complete; no suspect identified,other-theft,51.513893,-0.070746,1687378
1465,no-further-action,Investigation complete; no suspect identified,public-order,51.498093,-0.018941,1694048
1466,no-further-action,Investigation complete; no suspect identified,shoplifting,51.527487,-0.023576,1693597
1467,no-further-action,Investigation complete; no suspect identified,theft-from-the-person,51.524032,-0.071542,1687315
1468,no-further-action,Investigation complete; no suspect identified,robbery,51.524041,-0.074800,1686775
1469,no-further-action,Investigation complete; no suspect identified,other-theft,51.517904,-0.017332,1694256
1470,no-further-action,Investigation complete; no suspect identified,other-theft,51.516982,-0.064979,1688365
1471,no-further-action,Investigation complete; no suspect identified,criminal-damage-arson,51.520642,-0.041675,1691523
1472,no-further-action,Investigation complete; no suspect identified,shoplifting,51.503073,-0.018600,1693936
1473,no-further-action,Investigation complete; no suspect identified,violent-crime,51.524362,-0.063182,1688700
1474,no-further-action,Investigation complete; no suspect identified,violent-crime,51.527132,-0.071930,1687298
1475,no-further-action,Investigation complete; no suspect identified,vehicle-crime,51.524449,-0.057585,1689393
1476,no-further-action,Investigation complete; no suspect identified,burglary,51.500330,-0.017778,1694224
1477,no-further-action,Investigation complete; no suspect identified,vehicle-crime,51.516909,-0.024985,1693436
1478,no-further-action,Investigation complete; no suspect identified,drugs,51.522815,-0.058245,1689238
1479,no-further-action,Investigation complete; no suspect identified,violent-crime,51.533155,-0.052211,1690062
1480,no-further-action,Investigation complete; no suspect identified,theft-from-the-person,51.514924,-0.074925,1490949
1481,no-further-action,Investigation complete; no suspect identified,public-order,51.514742,-0.072148,1687260
1482,no-further-action,Investigation complete; no suspect identified,criminal-damage-arson,51.515754,-0.023147,1693587
1483,no-further-action,Investigation complete; no suspect identified,violent-crime,51.534485,-0.029041,1692963
1484,unable-to-prosecute,Unable to prosecute suspect,public-order,51.512642,-0.076145,1490946
1485,court-result-unavailable,Court result unavailable,violent-crime,51.520979,-0.062504,1688753
1486,no-further-action,Investigation complete; no suspect identified,violent-crime,51.515875,-0.037887,1691988
1487,no-further-action,Investigation complete; no suspect identified,vehicle-crime,51.519759,-0.041078,1691594
1488,no-further-action,Investigation complete; no suspect identified,violent-crime,51.515741,-0.060607,1689023
1489,no-further-action,Investigation complete; no suspect identified,burglary,51.525576,-0.071391,1687387
1490,no-further-action,Investigation complete; no suspect identified,shoplifting,51.512642,-0.076145,1490946
1491,no-further-action,Investigation complete; no suspect identified,violent-crime,51.489757,-0.020008,1693943
1492,no-further-action,Investigation complete; no suspect identified,public-order,51.511341,-0.011103,1694971
1493,no-further-action,Investigation complete; no suspect identified,robbery,51.513783,-0.067839,1687855
1494,no-further-action,Investigation complete; no suspect identified,violent-crime,51.509487,-0.023779,1693532
1495,no-further-action,Investigation complete; no suspect identified,violent-crime,51.512683,-0.042174,1691418
1496,no-further-action,Investigation complete; no suspect identified,burglary,51.520378,-0.068641,1687670
1497,no-further-action,Investigation complete; no suspect identified,vehicle-crime,51.516866,-0.049850,1690358
1498,no-further-action,Investigation complete; no suspect identified,theft-from-the-person,51.522367,-0.047511,1690753
1499,no-further-action,Investigation complete; no suspect identified,other-theft,51.522829,-0.022509,1693653
1500,no-further-action,Investigation complete; no suspect identified,violent-crime,51.498989,-0.019824,1693940
1501,no-further-action,Investigation complete; no suspect identified,other-theft,51.513204,-0.044343,1691134
1502,no-further-action,Investigation complete; no suspect identified,violent-crime,51.529100,-0.064754,1688390
1503,no-further-action,Investigation complete; no suspect identified,drugs,51.534485,-0.060286,1689080
1504,no-further-action,Investigation complete; no suspect identified,criminal-damage-arson,51.533022,-0.063737,1688436
1505,no-further-action,Investigation complete; no suspect identified,shoplifting,51.527833,-0.021673,1693795
1506,no-further-action,Investigation complete; no suspect identified,other-theft,51.522046,-0.075475,1686645
1507,no-further-action,Investigation complete; no suspect identified,shoplifting,51.530912,-0.037428,1692046
1508,no-further-action,Investigation complete; no suspect identified,theft-from-the-person,51.494253,-0.013619,1694668
1509,no-further-action,Investigation complete; no suspect identified,shoplifting,51.499731,-0.009476,1695119
1510,no-further-action,Investigation complete; no suspect identified,violent-crime,51.492724,-0.025844,1693371
1511,no-further-action,Investigation complete; no suspect identified,violent-crime,51.511271,0.000452,1696051
1512,no-further-action,Investigation complete; no suspect identified,shoplifting,51.525105,-0.035947,1692139
1513,no-further-action,Investigation complete; no suspect identified,violent-crime,51.535455,-0.053713,1689929
1514,no-further-action,Investigation complete; no suspect identified,violent-crime,51.535455,-0.053713,1689929
1515,no-further-action,Investigation complete; no suspect identified,violent-crime,51.517119,-0.040226,1691672
1516,no-further-action,Investigation complete; no suspect identified,criminal-damage-arson,51.498473,-0.014833,1694535
1517,court-result-unavailable,Court result unavailable,violent-crime,51.530748,-0.020148,1693909
1518,no-further-action,Investigation complete; no suspect identified,shoplifting,51.518907,-0.077597,1686345
1519,no-further-action,Investigation complete; no suspect identified,burglary,51.526024,-0.063616,1688614
1520,no-further-action,Investigation complete; no suspect identified,violent-crime,51.521966,-0.046649,1690951
1521,no-further-action,Investigation complete; no suspect identified,violent-crime,51.496237,-0.016630,1694241
1522,no-further-action,Investigation complete; no suspect identified,criminal-damage-arson,51.525145,-0.042072,1691392
1523,no-further-action,Investigation complete; no suspect identified,theft-from-the-person,51.496055,-0.014376,1694605
1524,no-further-action,Investigation complete; no suspect identified,robbery,51.524680,-0.012814,1694770
1525,no-further-action,Investigation complete; no suspect identified,public-order,51.522582,-0.070840,1687370
1526,no-further-action,Investigation complete; no suspect identified,robbery,51.523121,-0.032905,1692545
1527,no-further-action,Investigation complete; no suspect identified,violent-crime,51.522582,-0.070840,1687370
1528,no-further-action,Investigation complete; no suspect identified,shoplifting,51.523581,-0.073104,1686961
1529,no-further-action,Investigation complete; no suspect identified,drugs,51.513903,-0.057716,1689383
1530,no-further-action,Investigation complete; no suspect identified,vehicle-crime,51.516834,-0.070175,1687414
1531,no-further-action,Investigation complete; no suspect identified,theft-from-the-person,51.512683,-0.042174,1691418
1532,no-further-action,Investigation complete; no suspect identified,theft-from-the-person,51.508842,-0.057831,1689143
1533,no-further-action,Investigation complete; no suspect identified,violent-crime,51.512774,-0.029373,1692964
1534,court-result-unavailable,Court result unavailable,robbery,51.502848,-0.009254,1695004
1535,no-further-action,Investigation complete; no suspect identified,theft-from-the-person,51.519161,-0.059165,1689073
1536,no-further-action,Investigation complete; no suspect identified,violent-crime,51.527610,-0.020702,1693861
1537,no-further-action,Investigation complete; no suspect identified,shoplifting,51.511164,-0.075401,1490951
1538,no-further-action,Investigation complete; no suspect identified,public-order,51.505066,-0.017558,1694219
1539,no-further-action,Investigation complete; no suspect identified,public-order,51.515121,-0.072683,1687059
1540,no-further-action,Investigation complete; no suspect identified,violent-crime,51.529941,-0.062844,1688632
1541,no-further-action,Investigation complete; no suspect identified,other-theft,51.509133,-0.061248,1688928
1542,no-further-action,Investigation complete; no suspect identified,drugs,51.515795,-0.043324,1691223
1543,no-further-action,Investigation complete; no suspect identified,bicycle-theft,51.528411,-0.068214,1687881
1544,no-further-action,Investigation complete; no suspect identified,criminal-damage-arson,51.515313,-0.072300,1687197
1545,no-further-action,Investigation complete; no suspect identified,other-theft,51.513903,-0.057716,1689383
1546,no-further-action,Investigation complete; no suspect identified,robbery,51.517314,-0.015412,1694496
1547,no-further-action,Investigation complete; no suspect identified,shoplifting,51.509520,-0.063451,1688669
1548,no-further-action,Investigation complete; no suspect identified,theft-from-the-person,51.521840,-0.030538,1692803
1549,no-further-action,Investigation complete; no suspect identified,violent-crime,51.515728,-0.012569,1694759
1550,no-further-action,Investigation complete; no suspect identified,public-order,51.515684,-0.071909,1687267
1551,no-further-action,Investigation complete; no suspect identified,public-order,51.515684,-0.071909,1687267
1552,no-further-action,Investigation complete; no suspect identified,theft-from-the-person,51.524933,-0.035364,1692207
1553,no-further-action,Investigation complete; no suspect identified,public-order,51.535691,-0.022979,1693489
1554,no-further-action,Investigation complete; no suspect identified,theft-from-the-person,51.520222,-0.075566,1686717
1555,no-further-action,Investigation complete; no suspect identified,possession-of-weapons,51.506307,-0.036280,1691996
1556,no-further-action,Investigation complete; no suspect identified,bicycle-theft,51.524814,-0.050318,1690427
1557,no-further-action,Investigation complete; no suspect identified,violent-crime,51.497128,-0.024616,1693493
1558,court-result-unavailable,Court result unavailable,drugs,51.538339,-0.043799,1691229
1559,no-further-action,Investigation complete; no suspect identified,public-order,51.507910,-0.007088,1695440
1560,no-further-action,Investigation complete; no suspect identified,violent-crime,51.489399,-0.015313,1694504
1561,no-further-action,Investigation complete; no suspect identified,violent-crime,51.511341,-0.011103,1694971
1562,no-further-action,Investigation complete; no suspect identified,violent-crime,51.519576,-0.057605,1689443
1563,no-further-action,Investigation complete; no suspect identified,criminal-damage-arson,51.515684,-0.071909,1687267
1564,no-further-action,Investigation complete; no suspect identified,criminal-damage-arson,51.508842,-0.057831,1689143
1565,no-further-action,Investigation complete; no suspect identified,other-theft,51.506463,-0.071708,1686673
1566,no-further-action,Investigation complete; no suspect identified,theft-from-the-person,51.528782,-0.069467,1687714
1567,court-result-unavailable,Court result unavailable,burglary,51.528383,-0.016473,1694148
1568,no-further-action,Investigation complete; no suspect identified,other-theft,51.516866,-0.066685,1688029
1569,no-further-action,Investigation complete; no suspect identified,robbery,51.517314,-0.015412,1694496
1570,no-further-action,Investigation complete; no suspect identified,violent-crime,51.513783,-0.067839,1687855
1571,no-further-action,Investigation complete; no suspect identified,public-order,51.516332,-0.066477,1688162
1572,no-further-action,Investigation complete; no suspect identified,other-theft,51.501220,-0.021471,1693854
1573,no-further-action,Investigation complete; no suspect identified,violent-crime,51.515951,-0.025286,1693352
1574,no-further-action,Investigation complete; no suspect identified,other-theft,51.498025,-0.021336,1693840
1575,no-further-action,Investigation complete; no suspect identified,vehicle-crime,51.523879,-0.067152,1687873
1576,no-further-action,Investigation complete; no suspect identified,shoplifting,51.528815,-0.046500,1690960
1577,no-further-action,Investigation complete; no suspect identified,burglary,51.515019,-0.065899,1688199
1578,no-further-action,Investigation complete; no suspect identified,other-theft,51.524753,-0.065630,1688238
1579,no-further-action,Investigation complete; no suspect identified,other-theft,51.518249,-0.068212,1687816
1580,no-further-action,Investigation complete; no suspect identified,possession-of-weapons,51.528117,-0.053709,1689926
1581,no-further-action,Investigation complete; no suspect identified,other-theft,51.506463,-0.071708,1686673
1582,no-further-action,Investigation complete; no suspect identified,violent-crime,51.516219,-0.018212,1694239
1583,no-further-action,Investigation complete; no suspect identified,vehicle-crime,51.529038,-0.042035,1691422
1584,no-further-action,Investigation complete; no suspect identified,theft-from-the-person,51.520714,-0.072003,1687289
1585,no-further-action,Investigation complete; no suspect identified,robbery,51.516866,-0.066685,1688029
1586,no-further-action,Investigation complete; no suspect identified,robbery,51.519548,-0.057592,1689497
1587,no-further-action,Investigation complete; no suspect identified,vehicle-crime,51.508804,-0.018995,1694143
1588,no-further-action,Investigation complete; no suspect identified,vehicle-crime,51.516128,-0.071588,1687357
1589,no-further-action,Investigation complete; no suspect identified,vehicle-crime,51.516128,-0.071588,1687357
1590,no-further-action,Investigation complete; no suspect identified,criminal-damage-arson,51.521574,-0.022232,1693660
1591,no-further-action,Investigation complete; no suspect identified,burglary,51.533244,-0.041364,1691490
1592,no-further-action,Investigation complete; no suspect identified,burglary,51.528117,-0.053709,1689926
1593,no-further-action,Investigation complete; no suspect identified,violent-crime,51.500740,-0.014850,1694579
1594,no-further-action,Investigation complete; no suspect identified,other-theft,51.499832,-0.018073,1694165
1595,no-further-action,Investigation complete; no suspect identified,theft-from-the-person,51.514451,-0.028594,1692988
1596,court-result-unavailable,Court result unavailable,violent-crime,51.498093,-0.018941,1694048
1597,no-further-action,Investigation complete; no suspect identified,theft-from-the-person,51.514924,-0.074925,1490949
1598,no-further-action,Investigation complete; no suspect identified,criminal-damage-arson,51.522203,-0.020590,1693815
1599,no-further-action,Investigation complete; no suspect identified,shoplifting,51.511719,-0.013205,1694734
1600,no-further-action,Investigation complete; no suspect identified,other-theft,51.518249,-0.068212,1687816
1601,no-further-action,Investigation complete; no suspect identified,shoplifting,51.505114,-0.020928,1693749
1602,no-further-action,Investigation complete; no suspect identified,theft-from-the-person,51.512683,-0.042174,1691418
1603,no-further-action,Investigation complete; no suspect identified,violent-crime,51.490154,-0.021158,1693874
1604,no-further-action,Investigation complete; no suspect identified,vehicle-crime,51.523962,-0.064006,1688530
1605,no-further-action,Investigation complete; no suspect identified,theft-from-the-person,51.524032,-0.071542,1687315
1606,court-result-unavailable,Court result unavailable,violent-crime,51.522582,-0.070840,1687370
1607,no-further-action,Investigation complete; no suspect identified,shoplifting,51.498833,-0.014327,1694618
1608,no-further-action,Investigation complete; no suspect identified,violent-crime,51.525145,-0.042072,1691392
1609,no-further-action,Investigation complete; no suspect identified,other-theft,51.504937,-0.019523,1693948
1610,no-further-action,Investigation complete; no suspect identified,vehicle-crime,51.514360,-0.032806,1692514
1611,no-further-action,Investigation complete; no suspect identified,burglary,51.520539,-0.058760,1689312
1612,no-further-action,Investigation complete; no suspect identified,vehicle-crime,51.519890,-0.021556,1693820
1613,no-further-action,Investigation complete; no suspect identified,other-theft,51.504648,-0.025314,1693341
1614,no-further-action,Investigation complete; no suspect identified,violent-crime,51.523926,-0.052071,1690242
1615,no-further-action,Investigation complete; no suspect identified,other-theft,51.516010,-0.067644,1687818
1616,no-further-action,Investigation complete; no suspect identified,theft-from-the-person,51.531326,-0.029912,1692899
1617,no-further-action,Investigation complete; no suspect identified,violent-crime,51.522582,-0.070840,1687370
1618,no-further-action,Investigation complete; no suspect identified,violent-crime,51.515965,-0.063841,1688547
1619,no-further-action,Investigation complete; no suspect identified,violent-crime,51.514445,-0.015926,1694434
1620,no-further-action,Investigation complete; no suspect identified,violent-crime,51.527610,-0.020702,1693861
1621,no-further-action,Investigation complete; no suspect identified,violent-crime,51.513145,-0.070100,1687562
1622,no-further-action,Investigation complete; no suspect identified,robbery,51.513280,-0.023110,1693616
1623,no-further-action,Investigation complete; no suspect identified,burglary,51.533068,-0.036729,1692105
1624,no-further-action,Investigation complete; no suspect identified,burglary,51.533068,-0.036729,1692105
1625,no-further-action,Investigation complete; no suspect identified,violent-crime,51.515192,-0.016542,1694350
1626,no-further-action,Investigation complete; no suspect identified,violent-crime,51.512857,-0.060269,1689033
1627,no-further-action,Investigation complete; no suspect identified,other-theft,51.524084,-0.032459,1692631
1628,no-further-action,Investigation complete; no suspect identified,vehicle-crime,51.514857,-0.066468,1688058
1629,no-further-action,Investigation complete; no suspect identified,burglary,51.539145,-0.021644,1693777
1630,no-further-action,Investigation complete; no suspect identified,violent-crime,51.522582,-0.070840,1687370
1631,no-further-action,Investigation complete; no suspect identified,violent-crime,51.511181,-0.051390,1690138
1632,no-further-action,Investigation complete; no suspect identified,other-theft,51.498093,-0.018941,1694048
1633,no-further-action,Investigation complete; no suspect identified,violent-crime,51.536887,-0.047884,1690819
1634,no-further-action,Investigation complete; no suspect identified,criminal-damage-arson,51.516663,-0.007801,1695186
1635,no-further-action,Investigation complete; no suspect identified,violent-crime,51.529104,-0.037909,1691916
1636,no-further-action,Investigation complete; no suspect identified,public-order,51.519376,-0.019300,1694062
1637,no-further-action,Investigation complete; no suspect identified,violent-crime,51.513473,-0.031375,1692581
1638,no-further-action,Investigation complete; no suspect identified,burglary,51.520124,-0.069560,1687648
1639,no-further-action,Investigation complete; no suspect identified,violent-crime,51.516408,-0.036408,1692071
1640,no-further-action,Investigation complete; no suspect identified,burglary,51.513377,-0.019272,1693982
1641,no-further-action,Investigation complete; no suspect identified,violent-crime,51.526016,-0.026451,1693191
1642,no-further-action,Investigation complete; no suspect identified,public-order,51.525576,-0.071391,1687387
1643,no-further-action,Investigation complete; no suspect identified,public-order,51.505397,-0.058827,1689228
1644,no-further-action,Investigation complete; no suspect identified,violent-crime,51.519052,-0.076567,1686514
1645,no-further-action,Investigation complete; no suspect identified,vehicle-crime,51.515349,-0.036511,1692109
1646,no-further-action,Investigation complete; no suspect identified,criminal-damage-arson,51.513100,-0.072542,1687151
1647,no-further-action,Investigation complete; no suspect identified,public-order,51.508109,-0.008736,1695101
1648,no-further-action,Investigation complete; no suspect identified,shoplifting,51.516866,-0.066685,1688029
1649,no-further-action,Investigation complete; no suspect identified,other-theft,51.515894,-0.075922,1686599
1650,no-further-action,Investigation complete; no suspect identified,other-theft,51.532141,-0.062131,1688885
1651,no-further-action,Investigation complete; no suspect identified,burglary,51.526240,-0.066360,1688116
1652,no-further-action,Investigation complete; no suspect identified,other-theft,51.513598,-0.055063,1689803
1653,no-further-action,Investigation complete; no suspect identified,theft-from-the-person,51.531400,-0.066242,1688158
1654,no-further-action,Investigation complete; no suspect identified,theft-from-the-person,51.521124,-0.074591,1686837
1655,no-further-action,Investigation complete; no suspect identified,other-theft,51.508588,-0.074039,1686590
1656,no-further-action,Investigation complete; no suspect identified,violent-crime,51.513145,-0.070100,1687562
1657,no-further-action,Investigation complete; no suspect identified,violent-crime,51.514098,-0.062997,1688568
1658,no-further-action,Investigation complete; no suspect identified,drugs,51.505700,-0.060313,1689057
1659,no-further-action,Investigation complete; no suspect identified,other-theft,51.509133,-0.061248,1688928
1660,no-further-action,Investigation complete; no suspect identified,vehicle-crime,51.517325,-0.057441,1689483
1661,local-resolution,Local resolution,public-order,51.528239,-0.048067,1690744
1662,local-resolution,Local resolution,drugs,51.511652,-0.039149,1691790
1663,no-further-action,Investigation complete; no suspect identified,shoplifting,51.525105,-0.035947,1692139
1664,no-further-action,Investigation complete; no suspect identified,public-order,51.515225,-0.069709,1687574
1665,no-further-action,Investigation complete; no suspect identified,vehicle-crime,51.513496,-0.037557,1691994
1666,no-further-action,Investigation complete; no suspect identified,other-theft,51.496207,-0.019095,1694106
1667,no-further-action,Investigation complete; no suspect identified,criminal-damage-arson,51.529696,-0.062710,1688751
1668,no-further-action,Investigation complete; no suspect identified,possession-of-weapons,51.518381,-0.028568,1693059
1669,no-further-action,Investigation complete; no suspect identified,criminal-damage-arson,51.515754,-0.023147,1693587
1670,unable-to-prosecute,Unable to prosecute suspect,violent-crime,51.519078,-0.061215,1688954
1671,no-further-action,Investigation complete; no suspect identified,violent-crime,51.540081,-0.023261,1693496
1672,no-further-action,Investigation complete; no suspect identified,violent-crime,51.520981,-0.055585,1689670
1673,no-further-action,Investigation complete; no suspect identified,burglary,51.524216,-0.069070,1687738
1674,no-further-action,Investigation complete; no suspect identified,burglary,51.504954,-0.019450,1694097
1675,no-further-action,Investigation complete; no suspect identified,criminal-damage-arson,51.521166,-0.056975,1689416
1676,no-further-action,Investigation complete; no suspect identified,vehicle-crime,51.515372,-0.032532,1692614
1677,no-further-action,Investigation complete; no suspect identified,violent-crime,51.520753,-0.053245,1690053
1678,no-further-action,Investigation complete; no suspect identified,other-theft,51.527610,-0.020702,1693861
1679,no-further-action,Investigation complete; no suspect identified,other-theft,51.512249,-0.040464,1691625
1680,no-further-action,Investigation complete; no suspect identified,criminal-damage-arson,51.517040,-0.046240,1690982
1681,no-further-action,Investigation complete; no suspect identified,criminal-damage-arson,51.519078,-0.061215,1688954
1682,no-further-action,Investigation complete; no suspect identified,burglary,51.522102,-0.017294,1694307
1683,no-further-action,Investigation complete; no suspect identified,shoplifting,51.516866,-0.066685,1688029
1684,no-further-action,Investigation complete; no suspect identified,theft-from-the-person,51.518744,-0.061676,1688865
1685,no-further-action,Investigation complete; no suspect identified,vehicle-crime,51.508651,-0.026438,1693132
1686,no-further-action,Investigation complete; no suspect identified,vehicle-crime,51.509161,-0.024686,1693380
1687,no-further-action,Investigation complete; no suspect identified,violent-crime,51.508588,-0.074039,1686590
1688,no-further-action,Investigation complete; no suspect identified,other-theft,51.531400,-0.066242,1688158
1689,no-further-action,Investigation complete; no suspect identified,other-theft,51.500073,-0.025454,1693335
1690,no-further-action,Investigation complete; no suspect identified,violent-crime,51.509826,-0.027857,1693145
1691,no-further-action,Investigation complete; no suspect identified,violent-crime,51.520449,-0.063088,1688641
1692,no-further-action,Investigation complete; no suspect identified,theft-from-the-person,51.523634,-0.075769,1686579
1693,no-further-action,Investigation complete; no suspect identified,violent-crime,51.516899,-0.057229,1689371
1694,no-further-action,Investigation complete; no suspect identified,theft-from-the-person,51.522003,-0.071758,1687303
1695,no-further-action,Investigation complete; no suspect identified,theft-from-the-person,51.515121,-0.072683,1687059
1696,no-further-action,Investigation complete; no suspect identified,violent-crime,51.512381,-0.042994,1691332
1697,no-further-action,Investigation complete; no suspect identified,criminal-damage-arson,51.518784,-0.040832,1691615
1698,no-further-action,Investigation complete; no suspect identified,bicycle-theft,51.520753,-0.053245,1690053
1699,no-further-action,Investigation complete; no suspect identified,bicycle-theft,51.520753,-0.053245,1690053
1700,no-further-action,Investigation complete; no suspect identified,burglary,51.538364,-0.022269,1693732
1701,no-further-action,Investigation complete; no suspect identified,other-theft,51.523648,-0.068964,1687730
1702,no-further-action,Investigation complete; no suspect identified,violent-crime,51.528411,-0.068214,1687881
1703,no-further-action,Investigation complete; no suspect identified,theft-from-the-person,51.530148,-0.039580,1691626
1704,penalty-notice-issued,Offender given penalty notice,drugs,51.519009,-0.037608,1692035
1705,no-further-action,Investigation complete; no suspect identified,violent-crime,51.510629,-0.039308,1691770
1706,no-further-action,Investigation complete; no suspect identified,burglary,51.514451,-0.028594,1692988
1707,no-further-action,Investigation complete; no suspect identified,criminal-damage-arson,51.510800,-0.060385,1689018
1708,no-further-action,Investigation complete; no suspect identified,vehicle-crime,51.535472,-0.021947,1693736
1709,no-further-action,Investigation complete; no suspect identified,burglary,51.517904,-0.017332,1694256
1710,no-further-action,Investigation complete; no suspect identified,vehicle-crime,51.536221,-0.026385,1693257
1711,no-further-action,Investigation complete; no suspect identified,shoplifting,51.505114,-0.020928,1693749
1712,no-further-action,Investigation complete; no suspect identified,violent-crime,51.508692,-0.020369,1693865
1713,no-further-action,Investigation complete; no suspect identified,robbery,51.498093,-0.018941,1694048
1714,no-further-action,Investigation complete; no suspect identified,vehicle-crime,51.511341,-0.011103,1694971
1715,no-further-action,Investigation complete; no suspect identified,burglary,51.529886,-0.019161,1694052
1716,no-further-action,Investigation complete; no suspect identified,robbery,51.520093,-0.051413,1690146
1717,no-further-action,Investigation complete; no suspect identified,vehicle-crime,51.516834,-0.070175,1687414
1718,no-further-action,Investigation complete; no suspect identified,robbery,51.518898,-0.077078,1686429
1719,no-further-action,Investigation complete; no suspect identified,robbery,51.518898,-0.077078,1686429
1720,no-further-action,Investigation complete; no suspect identified,robbery,51.518898,-0.077078,1686429
1721,no-further-action,Investigation complete; no suspect identified,public-order,51.508673,-0.026149,1693325
1722,no-further-action,Investigation complete; no suspect identified,violent-crime,51.523705,-0.047944,1690751
1723,no-further-action,Investigation complete; no suspect identified,other-theft,51.516909,-0.024985,1693436
1724,no-further-action,Investigation complete; no suspect identified,violent-crime,51.525192,-0.049797,1690537
1725,no-further-action,Investigation complete; no suspect identified,vehicle-crime,51.512173,-0.051016,1690378
1726,no-further-action,Investigation complete; no suspect identified,violent-crime,51.527192,-0.057583,1689448
1727,no-further-action,Investigation complete; no suspect identified,shoplifting,51.516866,-0.066685,1688029
1728,no-further-action,Investigation complete; no suspect identified,violent-crime,51.523806,-0.057309,1689533
1729,court-result-unavailable,Court result unavailable,violent-crime,51.512774,-0.029373,1692964
1730,no-further-action,Investigation complete; no suspect identified,violent-crime,51.498790,-0.013364,1694703
1731,no-further-action,Investigation complete; no suspect identified,criminal-damage-arson,51.519078,-0.061215,1688954
1732,no-further-action,Investigation complete; no suspect identified,theft-from-the-person,51.519660,-0.074192,1686921
1733,no-further-action,Investigation complete; no suspect identified,other-theft,51.509443,-0.056076,1689691
1734,no-further-action,Investigation complete; no suspect identified,theft-from-the-person,51.519161,-0.059165,1689073
1735,no-further-action,Investigation complete; no suspect identified,vehicle-crime,51.508173,-0.030104,1692831
1736,no-further-action,Investigation complete; no suspect identified,drugs,51.506460,-0.063307,1688572
1737,no-further-action,Investigation complete; no suspect identified,violent-crime,51.532027,-0.063923,1688511
1738,no-further-action,Investigation complete; no suspect identified,drugs,51.515189,-0.066410,1688102
1739,no-further-action,Investigation complete; no suspect identified,other-theft,51.518077,-0.038902,1691808
1740,no-further-action,Investigation complete; no suspect identified,violent-crime,51.512249,-0.040464,1691625
1741,no-further-action,Investigation complete; no suspect identified,shoplifting,51.533273,-0.029122,1692949
1742,no-further-action,Investigation complete; no suspect identified,other-crime,51.535472,-0.021947,1693736
1743,no-further-action,Investigation complete; no suspect identified,vehicle-crime,51.514474,-0.042818,1691365
1744,no-further-action,Investigation complete; no suspect identified,burglary,51.527833,-0.021673,1693795
1745,no-further-action,Investigation complete; no suspect identified,violent-crime,51.521166,-0.056975,1689416
1746,no-further-action,Investigation complete; no suspect identified,theft-from-the-person,51.519052,-0.076567,1686514
1747,no-further-action,Investigation complete; no suspect identified,public-order,51.508109,-0.008736,1695101
1748,no-further-action,Investigation complete; no suspect identified,theft-from-the-person,51.520466,-0.073971,1686928
1749,no-further-action,Investigation complete; no suspect identified,other-theft,51.517366,-0.073035,1687099
1750,no-further-action,Investigation complete; no suspect identified,other-theft,51.510419,-0.027831,1693092
1751,no-further-action,Investigation complete; no suspect identified,violent-crime,51.514897,-0.046620,1690888
1752,no-further-action,Investigation complete; no suspect identified,vehicle-crime,51.508488,-0.001947,1695874
1753,no-further-action,Investigation complete; no suspect identified,violent-crime,51.501547,-0.025405,1693421
1754,no-further-action,Investigation complete; no suspect identified,bicycle-theft,51.536510,-0.051736,1690211
1755,no-further-action,Investigation complete; no suspect identified,violent-crime,51.510590,-0.048821,1690484
1756,no-further-action,Investigation complete; no suspect identified,other-theft,51.527340,-0.058889,1689163
1757,no-further-action,Investigation complete; no suspect identified,other-theft,51.527340,-0.058889,1689163
1758,no-further-action,Investigation complete; no suspect identified,other-theft,51.518077,-0.038902,1691808
1759,no-further-action,Investigation complete; no suspect identified,burglary,51.526883,-0.068308,1687768
1760,no-further-action,Investigation complete; no suspect identified,robbery,51.527833,-0.021673,1693795
1761,no-further-action,Investigation complete; no suspect identified,violent-crime,51.515754,-0.023147,1693587
1762,no-further-action,Investigation complete; no suspect identified,burglary,51.519913,-0.046491,1690788
1763,no-further-action,Investigation complete; no suspect identified,public-order,51.526016,-0.026451,1693191
1764,no-further-action,Investigation complete; no suspect identified,shoplifting,51.504623,-0.016299,1694351
1765,no-further-action,Investigation complete; no suspect identified,other-theft,51.526110,-0.034708,1692288
1766,no-further-action,Investigation complete; no suspect identified,violent-crime,51.510869,-0.008702,1695251
1767,no-further-action,Investigation complete; no suspect identified,other-theft,51.510515,-0.013819,1694696
1768,no-further-action,Investigation complete; no suspect identified,burglary,51.540081,-0.023261,1693496
1769,no-further-action,Investigation complete; no suspect identified,violent-crime,51.513145,-0.070100,1687562
1770,no-further-action,Investigation complete; no suspect identified,violent-crime,51.505114,-0.020928,1693749
1771,no-further-action,Investigation complete; no suspect identified,drugs,51.525576,-0.071391,1687387
1772,no-further-action,Investigation complete; no suspect identified,violent-crime,51.516982,-0.064979,1688365
1773,no-further-action,Investigation complete; no suspect identified,violent-crime,51.512324,-0.053618,1690011
1774,no-further-action,Investigation complete; no suspect identified,burglary,51.505114,-0.020928,1693749
1775,no-further-action,Investigation complete; no suspect identified,other-theft,51.514924,-0.074925,1490949
1776,no-further-action,Investigation complete; no suspect identified,robbery,51.512519,-0.046375,1690896
1777,no-further-action,Investigation complete; no suspect identified,vehicle-crime,51.509487,-0.023779,1693532
1778,no-further-action,Investigation complete; no suspect identified,burglary,51.508404,-0.070531,1687236
1779,no-further-action,Investigation complete; no suspect identified,criminal-damage-arson,51.517217,-0.058527,1689305
1780,no-further-action,Investigation complete; no suspect identified,robbery,51.522760,-0.050103,1690511
1781,no-further-action,Investigation complete; no suspect identified,vehicle-crime,51.523591,-0.015989,1694419
1782,no-further-action,Investigation complete; no suspect identified,burglary,51.519461,-0.054482,1689820
1783,no-further-action,Investigation complete; no suspect identified,robbery,51.524933,-0.035364,1692207
1784,no-further-action,Investigation complete; no suspect identified,burglary,51.528815,-0.046500,1690960
1785,no-further-action,Investigation complete; no suspect identified,criminal-damage-arson,51.526883,-0.068308,1687768
1786,no-further-action,Investigation complete; no suspect identified,criminal-damage-arson,51.517132,-0.052837,1690103
1787,no-further-action,Investigation complete; no suspect identified,violent-crime,51.529886,-0.019161,1694052
1788,no-further-action,Investigation complete; no suspect identified,robbery,51.523953,-0.072728,1687112
1789,no-further-action,Investigation complete; no suspect identified,vehicle-crime,51.524583,-0.033764,1692374
1790,no-further-action,Investigation complete; no suspect identified,theft-from-the-person,51.526341,-0.029205,1692925
1791,no-further-action,Investigation complete; no suspect identified,theft-from-the-person,51.526341,-0.029205,1692925
1792,no-further-action,Investigation complete; no suspect identified,shoplifting,51.505114,-0.020928,1693749
1793,no-further-action,Investigation complete; no suspect identified,violent-crime,51.525059,-0.019847,1693975
1794,no-further-action,Investigation complete; no suspect identified,other-crime,51.527833,-0.021673,1693795
1795,no-further-action,Investigation complete; no suspect identified,vehicle-crime,51.508008,-0.022993,1693470
1796,no-further-action,Investigation complete; no suspect identified,violent-crime,51.522003,-0.071715,1687316
1797,no-further-action,Investigation complete; no suspect identified,vehicle-crime,51.522254,-0.037007,1692042
1798,no-further-action,Investigation complete; no suspect identified,shoplifting,51.515684,-0.071909,1687267
1799,no-further-action,Investigation complete; no suspect identified,violent-crime,51.526279,-0.052966,1689892
1800,no-further-action,Investigation complete; no suspect identified,violent-crime,51.519078,-0.061215,1688954
1801,no-further-action,Investigation complete; no suspect identified,violent-crime,51.518077,-0.038902,1691808
1802,no-further-action,Investigation complete; no suspect identified,other-theft,51.516128,-0.071588,1687357
1803,no-further-action,Investigation complete; no suspect identified,public-order,51.519788,-0.030454,1692882
1804,no-further-action,Investigation complete; no suspect identified,theft-from-the-person,51.520466,-0.073971,1686928
1805,no-further-action,Investigation complete; no suspect identified,theft-from-the-person,51.520466,-0.073971,1686928
1806,no-further-action,Investigation complete; no suspect identified,theft-from-the-person,51.523634,-0.075769,1686579
1807,no-further-action,Investigation complete; no suspect identified,criminal-damage-arson,51.521432,-0.042707,1691376
1808,local-resolution,Local resolution,shoplifting,51.504954,-0.019450,1694097
1809,no-further-action,Investigation complete; no suspect identified,drugs,51.515951,-0.025286,1693352
1810,no-further-action,Investigation complete; no suspect identified,other-theft,51.534337,-0.057322,1689464
1811,no-further-action,Investigation complete; no suspect identified,vehicle-crime,51.527222,-0.055578,1689738
1812,no-further-action,Investigation complete; no suspect identified,burglary,51.498093,-0.018941,1694048
1813,no-further-action,Investigation complete; no suspect identified,theft-from-the-person,51.526240,-0.066360,1688116
1814,no-further-action,Investigation complete; no suspect identified,robbery,51.534485,-0.060286,1689080
1815,no-further-action,Investigation complete; no suspect identified,other-theft,51.520539,-0.058760,1689312
1816,no-further-action,Investigation complete; no suspect identified,violent-crime,51.505815,-0.005493,1695461
1817,no-further-action,Investigation complete; no suspect identified,robbery,51.527222,-0.055578,1689738
1818,no-further-action,Investigation complete; no suspect identified,criminal-damage-arson,51.503711,-0.023625,1693551
1819,court-result-unavailable,Court result unavailable,violent-crime,51.529152,-0.023100,1693591
1820,no-further-action,Investigation complete; no suspect identified,public-order,51.511604,-0.033603,1692462
1821,no-further-action,Investigation complete; no suspect identified,shoplifting,51.502938,-0.021483,1693690
1822,no-further-action,Investigation complete; no suspect identified,vehicle-crime,51.498473,-0.014833,1694535
1823,no-further-action,Investigation complete; no suspect identified,burglary,51.513206,-0.045553,1691033
1824,no-further-action,Investigation complete; no suspect identified,criminal-damage-arson,51.518381,-0.028568,1693059
1825,no-further-action,Investigation complete; no suspect identified,violent-crime,51.523975,-0.051219,1690355
1826,court-result-unavailable,Court result unavailable,robbery,51.505066,-0.017558,1694219
1827,no-further-action,Investigation complete; no suspect identified,burglary,51.519244,-0.048452,1690733
1828,no-further-action,Investigation complete; no suspect identified,violent-crime,51.528117,-0.053709,1689926
1829,court-result-unavailable,Court result unavailable,violent-crime,51.511719,-0.013205,1694734
1830,no-further-action,Investigation complete; no suspect identified,robbery,51.518352,-0.074449,1686905
1831,no-further-action,Investigation complete; no suspect identified,vehicle-crime,51.525145,-0.042072,1691392
1832,no-further-action,Investigation complete; no suspect identified,violent-crime,51.520442,-0.072109,1687192
1833,no-further-action,Investigation complete; no suspect identified,violent-crime,51.520442,-0.072109,1687192
1834,no-further-action,Investigation complete; no suspect identified,violent-crime,51.520442,-0.072109,1687192
1835,local-resolution,Local resolution,public-order,51.527115,-0.025495,1693303
1836,no-further-action,Investigation complete; no suspect identified,shoplifting,51.524480,-0.074162,1686922
1837,no-further-action,Investigation complete; no suspect identified,vehicle-crime,51.519121,-0.046468,1690772
1838,no-further-action,Investigation complete; no suspect identified,other-theft,51.521000,-0.056218,1689630
1839,no-further-action,Investigation complete; no suspect identified,violent-crime,51.498093,-0.018941,1694048
1840,no-further-action,Investigation complete; no suspect identified,violent-crime,51.498093,-0.018941,1694048
1841,no-further-action,Investigation complete; no suspect identified,other-theft,51.508173,-0.030104,1692831
1842,no-further-action,Investigation complete; no suspect identified,burglary,51.539160,-0.024138,1693548
1843,no-further-action,Investigation complete; no suspect identified,vehicle-crime,51.498093,-0.018941,1694048
1844,no-further-action,Investigation complete; no suspect identified,other-theft,51.524814,-0.050318,1690427
1845,no-further-action,Investigation complete; no suspect identified,other-theft,51.524814,-0.050318,1690427
1846,court-result-unavailable,Court result unavailable,burglary,51.530288,-0.026468,1693202
1847,no-further-action,Investigation complete; no suspect identified,violent-crime,51.508842,-0.057831,1689143
1848,no-further-action,Investigation complete; no suspect identified,burglary,51.501079,-0.024301,1693461
1849,no-further-action,Investigation complete; no suspect identified,theft-from-the-person,51.528782,-0.069467,1687714
1850,no-further-action,Investigation complete; no suspect identified,other-theft,51.515374,-0.039623,1691639
1851,no-further-action,Investigation complete; no suspect identified,other-theft,51.515374,-0.039623,1691639
1852,no-further-action,Investigation complete; no suspect identified,violent-crime,51.504623,-0.016299,1694351
1853,no-further-action,Investigation complete; no suspect identified,violent-crime,51.516078,-0.006169,1695460
1854,no-further-action,Investigation complete; no suspect identified,vehicle-crime,51.513509,-0.040482,1691668
1855,no-further-action,Investigation complete; no suspect identified,vehicle-crime,51.528782,-0.069467,1687714
1856,no-further-action,Investigation complete; no suspect identified,burglary,51.524032,-0.071542,1687315
1857,no-further-action,Investigation complete; no suspect identified,violent-crime,51.504648,-0.025314,1693341
1858,court-result-unavailable,Court result unavailable,robbery,51.511164,-0.075401,1490951
1859,no-further-action,Investigation complete; no suspect identified,vehicle-crime,51.505542,-0.055694,1689720
1860,no-further-action,Investigation complete; no suspect identified,violent-crime,51.509257,-0.027737,1693126
1861,no-further-action,Investigation complete; no suspect identified,violent-crime,51.510048,-0.046510,1690691
1862,no-further-action,Investigation complete; no suspect identified,violent-crime,51.510048,-0.046510,1690691
1863,no-further-action,Investigation complete; no suspect identified,violent-crime,51.510048,-0.046510,1690691
1864,no-further-action,Investigation complete; no suspect identified,theft-from-the-person,51.520466,-0.073971,1686928
1865,no-further-action,Investigation complete; no suspect identified,violent-crime,51.519119,-0.056615,1689543
1866,no-further-action,Investigation complete; no suspect identified,other-theft,51.520642,-0.041675,1691523
1867,no-further-action,Investigation complete; no suspect identified,theft-from-the-person,51.519161,-0.059165,1689073
1868,court-result-unavailable,Court result unavailable,robbery,51.511164,-0.075401,1490951
1869,court-result-unavailable,Court result unavailable,robbery,51.511164,-0.075401,1490951
1870,no-further-action,Investigation complete; no suspect identified,theft-from-the-person,51.541747,-0.025540,1693391
1871,no-further-action,Investigation complete; no suspect identified,violent-crime,51.517185,-0.039329,1691837
1872,court-result-unavailable,Court result unavailable,violent-crime,51.519078,-0.061215,1688954
1873,no-further-action,Investigation complete; no suspect identified,criminal-damage-arson,51.526016,-0.026451,1693191
1874,no-further-action,Investigation complete; no suspect identified,vehicle-crime,51.523651,-0.030748,1692661
1875,no-further-action,Investigation complete; no suspect identified,violent-crime,51.518704,-0.065267,1688301
1876,no-further-action,Investigation complete; no suspect identified,other-crime,51.526579,-0.033721,1692484
1877,no-further-action,Investigation complete; no suspect identified,public-order,51.523568,-0.052188,1690137
1878,no-further-action,Investigation complete; no suspect identified,public-order,51.523843,-0.043829,1691164
1879,no-further-action,Investigation complete; no suspect identified,criminal-damage-arson,51.515939,-0.073744,1686956
1880,no-further-action,Investigation complete; no suspect identified,shoplifting,51.505114,-0.020928,1693749
1881,no-further-action,Investigation complete; no suspect identified,burglary,51.513647,-0.074330,1490955
1882,no-further-action,Investigation complete; no suspect identified,violent-crime,51.506657,-0.005874,1695458
1883,no-further-action,Investigation complete; no suspect identified,theft-from-the-person,51.517941,-0.074063,1686957
1884,no-further-action,Investigation complete; no suspect identified,shoplifting,51.527833,-0.021673,1693795
1885,court-result-unavailable,Court result unavailable,shoplifting,51.505066,-0.017558,1694219
1886,no-further-action,Investigation complete; no suspect identified,violent-crime,51.496237,-0.016630,1694241
1887,no-further-action,Investigation complete; no suspect identified,shoplifting,51.523182,-0.070728,1687440
1888,no-further-action,Investigation complete; no suspect identified,violent-crime,51.523581,-0.073104,1686961
1889,no-further-action,Investigation complete; no suspect identified,violent-crime,51.531400,-0.066242,1688158
1890,no-further-action,Investigation complete; no suspect identified,burglary,51.516942,-0.073485,1687007
1891,no-further-action,Investigation complete; no suspect identified,other-theft,51.506657,-0.005874,1695458
1892,no-further-action,Investigation complete; no suspect identified,criminal-damage-arson,51.513395,-0.034765,1692284
1893,no-further-action,Investigation complete; no suspect identified,public-order,51.523121,-0.032905,1692545
1894,no-further-action,Investigation complete; no suspect identified,violent-crime,51.519890,-0.021556,1693820
1895,no-further-action,Investigation complete; no suspect identified,public-order,51.523121,-0.032905,1692545
1896,no-further-action,Investigation complete; no suspect identified,violent-crime,51.514400,-0.030917,1692655
1897,no-further-action,Investigation complete; no suspect identified,violent-crime,51.506463,-0.071708,1686673
1898,no-further-action,Investigation complete; no suspect identified,public-order,51.512249,-0.040464,1691625
1899,no-further-action,Investigation complete; no suspect identified,other-theft,51.524814,-0.050318,1690427
1900,no-further-action,Investigation complete; no suspect identified,robbery,51.522627,-0.064308,1688462
1901,no-further-action,Investigation complete; no suspect identified,violent-crime,51.533907,-0.036390,1692147
1902,no-further-action,Investigation complete; no suspect identified,shoplifting,51.506877,-0.067324,1687936
1903,no-further-action,Investigation complete; no suspect identified,criminal-damage-arson,51.526338,-0.065765,1688275
1904,court-result-unavailable,Court result unavailable,violent-crime,51.530521,-0.060426,1689105
1905,no-further-action,Investigation complete; no suspect identified,other-theft,51.528159,-0.028247,1692957
1906,no-further-action,Investigation complete; no suspect identified,theft-from-the-person,51.510048,-0.046510,1690691
1907,no-further-action,Investigation complete; no suspect identified,violent-crime,51.524583,-0.033764,1692374
1908,no-further-action,Investigation complete; no suspect identified,robbery,51.519869,-0.062291,1688816
1909,no-further-action,Investigation complete; no suspect identified,violent-crime,51.529671,-0.015509,1694354
1910,no-further-action,Investigation complete; no suspect identified,vehicle-crime,51.514383,-0.037374,1692068
1911,no-further-action,Investigation complete; no suspect identified,other-theft,51.505691,-0.028482,1693038
1912,no-further-action,Investigation complete; no suspect identified,burglary,51.525246,-0.029353,1692966
1913,no-further-action,Investigation complete; no suspect identified,vehicle-crime,51.516135,-0.047547,1690871
1914,no-further-action,Investigation complete; no suspect identified,theft-from-the-person,51.509133,-0.061248,1688928
1915,no-further-action,Investigation complete; no suspect identified,other-theft,51.489423,-0.019389,1694099
1916,no-further-action,Investigation complete; no suspect identified,other-theft,51.514451,-0.028594,1692988
1917,no-further-action,Investigation complete; no suspect identified,vehicle-crime,51.508109,-0.008736,1695101
1918,no-further-action,Investigation complete; no suspect identified,violent-crime,51.506214,-0.059859,1689132
1919,no-further-action,Investigation complete; no suspect identified,theft-from-the-person,51.514856,-0.068615,1687650
1920,local-resolution,Local resolution,drugs,51.509520,-0.063451,1688669
1921,no-further-action,Investigation complete; no suspect identified,criminal-damage-arson,51.537563,-0.044755,1691117
1922,no-further-action,Investigation complete; no suspect identified,shoplifting,51.527833,-0.021673,1693795
1923,local-resolution,Local resolution,public-order,51.516010,-0.067644,1687818
1924,no-further-action,Investigation complete; no suspect identified,theft-from-the-person,51.512472,-0.029631,1692843
1925,drugs-possession-warning,Offender given a drugs possession warning,drugs,51.515894,-0.075922,1686599
1926,no-further-action,Investigation complete; no suspect identified,violent-crime,51.531798,-0.053350,1690064
1927,court-result-unavailable,Court result unavailable,theft-from-the-person,51.521000,-0.056218,1689630
1928,no-further-action,Investigation complete; no suspect identified,criminal-damage-arson,51.512921,-0.025850,1693330
1929,no-further-action,Investigation complete; no suspect identified,vehicle-crime,51.508804,-0.018995,1694143
1930,no-further-action,Investigation complete; no suspect identified,violent-crime,51.500330,-0.017778,1694224
1931,no-further-action,Investigation complete; no suspect identified,vehicle-crime,51.525166,-0.028347,1693017
1932,no-further-action,Investigation complete; no suspect identified,theft-from-the-person,51.522569,-0.044576,1691124
1933,no-further-action,Investigation complete; no suspect identified,shoplifting,51.498126,-0.009733,1695043
1934,no-further-action,Investigation complete; no suspect identified,violent-crime,51.505712,-0.069765,1687602
1935,no-further-action,Investigation complete; no suspect identified,other-theft,51.510033,-0.062939,1688678
1936,no-further-action,Investigation complete; no suspect identified,violent-crime,51.510629,-0.039308,1691770
1937,no-further-action,Investigation complete; no suspect identified,violent-crime,51.525145,-0.042072,1691392
1938,no-further-action,Investigation complete; no suspect identified,theft-from-the-person,51.521966,-0.046649,1690951
1939,no-further-action,Investigation complete; no suspect identified,public-order,51.530639,-0.028082,1693015
1940,no-further-action,Investigation complete; no suspect identified,public-order,51.530639,-0.028082,1693015
1941,no-further-action,Investigation complete; no suspect identified,violent-crime,51.510243,-0.061489,1688924
1942,local-resolution,Local resolution,drugs,51.515483,-0.068963,1687686
1943,no-further-action,Investigation complete; no suspect identified,public-order,51.527032,-0.062016,1688810
1944,no-further-action,Investigation complete; no suspect identified,bicycle-theft,51.516219,-0.018212,1694239
1945,no-further-action,Investigation complete; no suspect identified,vehicle-crime,51.509446,-0.002250,1695863
1946,court-result-unavailable,Court result unavailable,violent-crime,51.520154,-0.017450,1694254
1947,no-further-action,Investigation complete; no suspect identified,theft-from-the-person,51.519117,-0.074518,1686849
1948,no-further-action,Investigation complete; no suspect identified,theft-from-the-person,51.519078,-0.061215,1688954
1949,no-further-action,Investigation complete; no suspect identified,shoplifting,51.505114,-0.020928,1693749
1950,no-further-action,Investigation complete; no suspect identified,violent-crime,51.513280,-0.023110,1693616
1951,court-result-unavailable,Court result unavailable,violent-crime,51.498093,-0.018941,1694048
1952,no-further-action,Investigation complete; no suspect identified,violent-crime,51.527487,-0.023576,1693597
1953,no-further-action,Investigation complete; no suspect identified,theft-from-the-person,51.519775,-0.071852,1687106
1954,no-further-action,Investigation complete; no suspect identified,violent-crime,51.524603,-0.010395,1694864
1955,no-further-action,Investigation complete; no suspect identified,theft-from-the-person,51.513647,-0.074330,1490955
1956,no-further-action,Investigation complete; no suspect identified,violent-crime,51.536450,-0.027153,1693170
1957,no-further-action,Investigation complete; no suspect identified,other-theft,51.519009,-0.037608,1692035
1958,no-further-action,Investigation complete; no suspect identified,other-theft,51.501547,-0.025405,1693421
1959,no-further-action,Investigation complete; no suspect identified,shoplifting,51.516866,-0.066685,1688029
1960,no-further-action,Investigation complete; no suspect identified,violent-crime,51.526016,-0.026451,1693191
1961,no-further-action,Investigation complete; no suspect identified,violent-crime,51.526016,-0.026451,1693191
1962,no-further-action,Investigation complete; no suspect identified,violent-crime,51.526016,-0.026451,1693191
1963,no-further-action,Investigation complete; no suspect identified,burglary,51.498093,-0.018941,1694048
1964,no-further-action,Investigation complete; no suspect identified,bicycle-theft,51.506468,-0.057298,1689495
1965,no-further-action,Investigation complete; no suspect identified,vehicle-crime,51.524480,-0.074162,1686922
1966,no-further-action,Investigation complete; no suspect identified,violent-crime,51.531855,-0.050853,1690329
1967,no-further-action,Investigation complete; no suspect identified,burglary,51.521671,-0.076716,1686382
1968,no-further-action,Investigation complete; no suspect identified,other-theft,51.499207,-0.026327,1693273
1969,no-further-action,Investigation complete; no suspect identified,bicycle-theft,51.510236,-0.040550,1691335
1970,no-further-action,Investigation complete; no suspect identified,theft-from-the-person,51.518258,-0.071498,1687256
1971,no-further-action,Investigation complete; no suspect identified,vehicle-crime,51.499207,-0.026327,1693273
1972,no-further-action,Investigation complete; no suspect identified,robbery,51.512249,-0.040464,1691625
1973,no-further-action,Investigation complete; no suspect identified,bicycle-theft,51.533022,-0.063737,1688436
1974,no-further-action,Investigation complete; no suspect identified,violent-crime,51.496055,-0.014376,1694605
1975,no-further-action,Investigation complete; no suspect identified,shoplifting,51.523581,-0.073104,1686961
1976,no-further-action,Investigation complete; no suspect identified,shoplifting,51.523581,-0.073104,1686961
1977,no-further-action,Investigation complete; no suspect identified,shoplifting,51.523581,-0.073104,1686961
1978,no-further-action,Investigation complete; no suspect identified,violent-crime,51.527487,-0.023576,1693597
1979,no-further-action,Investigation complete; no suspect identified,drugs,51.511132,-0.071266,1687231
1980,no-further-action,Investigation complete; no suspect identified,vehicle-crime,51.489860,-0.023461,1693601
1981,no-further-action,Investigation complete; no suspect identified,vehicle-crime,51.489860,-0.023461,1693601
1982,no-further-action,Investigation complete; no suspect identified,robbery,51.511282,-0.056934,1689608
1983,no-further-action,Investigation complete; no suspect identified,violent-crime,51.523131,-0.054008,1689912
1984,no-further-action,Investigation complete; no suspect identified,vehicle-crime,51.539145,-0.021644,1693777
1985,no-further-action,Investigation complete; no suspect identified,violent-crime,51.500330,-0.017778,1694224
1986,no-further-action,Investigation complete; no suspect identified,burglary,51.509945,-0.026901,1693166
1987,no-further-action,Investigation complete; no suspect identified,burglary,51.509945,-0.026901,1693166
1988,no-further-action,Investigation complete; no suspect identified,other-theft,51.514856,-0.068615,1687650
1989,no-further-action,Investigation complete; no suspect identified,other-theft,51.513893,-0.070746,1687378
1990,no-further-action,Investigation complete; no suspect identified,violent-crime,51.519009,-0.037608,1692035
1991,no-further-action,Investigation complete; no suspect identified,public-order,51.498093,-0.018941,1694048
1992,no-further-action,Investigation complete; no suspect identified,public-order,51.514021,-0.064817,1688350
1993,no-further-action,Investigation complete; no suspect identified,theft-from-the-person,51.516834,-0.070175,1687414
1994,no-further-action,Investigation complete; no suspect identified,burglary,51.527833,-0.021673,1693795
1995,no-further-action,Investigation complete; no suspect identified,criminal-damage-arson,51.500330,-0.017778,1694224
1996,no-further-action,Investigation complete; no suspect identified,criminal-damage-arson,51.518087,-0.065495,1688326
1997,no-further-action,Investigation complete; no suspect identified,violent-crime,51.496340,-0.024304,1693474
1998,no-further-action,Investigation complete; no suspect identified,other-theft,51.519461,-0.054482,1689820
1999,no-further-action,Investigation complete; no suspect identified,burglary,51.531400,-0.066242,1688158
2000,no-further-action,Investigation complete; no suspect identified,theft-from-the-person,51.529671,-0.015509,1694354
2001,no-further-action,Investigation complete; no suspect identified,violent-crime,51.524032,-0.071542,1687315
2002,no-further-action,Investigation complete; no suspect identified,burglary,51.524494,-0.073959,1686959
2003,local-resolution,Local resolution,violent-crime,51.518220,-0.065331,1688281
2004,no-further-action,Investigation complete; no suspect identified,other-theft,51.524449,-0.057585,1689393
2005,no-further-action,Investigation complete; no suspect identified,theft-from-the-person,51.507102,-0.055354,1689751
2006,no-further-action,Investigation complete; no suspect identified,other-theft,51.517941,-0.074063,1686957
2007,no-further-action,Investigation complete; no suspect identified,violent-crime,51.527225,-0.055246,1689773
2008,no-further-action,Investigation complete; no suspect identified,criminal-damage-arson,51.526338,-0.065765,1688275
2009,no-further-action,Investigation complete; no suspect identified,vehicle-crime,51.510129,-0.028233,1693094
2010,no-further-action,Investigation complete; no suspect identified,shoplifting,51.496945,-0.021800,1693788
2011,no-further-action,Investigation complete; no suspect identified,other-theft,51.506657,-0.005874,1695458
2012,no-further-action,Investigation complete; no suspect identified,vehicle-crime,51.534607,-0.054124,1689903
2013,no-further-action,Investigation complete; no suspect identified,violent-crime,51.516942,-0.073485,1687007
2014,no-further-action,Investigation complete; no suspect identified,theft-from-the-person,51.515189,-0.066410,1688102
2015,no-further-action,Investigation complete; no suspect identified,theft-from-the-person,51.515189,-0.066410,1688102
2016,no-further-action,Investigation complete; no suspect identified,theft-from-the-person,51.516834,-0.070175,1687414
2017,no-further-action,Investigation complete; no suspect identified,violent-crime,51.521175,-0.039144,1691804
2018,no-further-action,Investigation complete; no suspect identified,criminal-damage-arson,51.527340,-0.058889,1689163
2019,no-further-action,Investigation complete; no suspect identified,drugs,51.506460,-0.063307,1688572
2020,no-further-action,Investigation complete; no suspect identified,robbery,51.514817,-0.065143,1688334
2021,no-further-action,Investigation complete; no suspect identified,shoplifting,51.505066,-0.017558,1694219
2022,no-further-action,Investigation complete; no suspect identified,vehicle-crime,51.521864,-0.022349,1693719
2023,no-further-action,Investigation complete; no suspect identified,burglary,51.536950,-0.044666,1691168
2024,no-further-action,Investigation complete; no suspect identified,bicycle-theft,51.526338,-0.065765,1688275
2025,no-further-action,Investigation complete; no suspect identified,robbery,51.527225,-0.055246,1689773
2026,no-further-action,Investigation complete; no suspect identified,theft-from-the-person,51.524680,-0.012814,1694770
2027,no-further-action,Investigation complete; no suspect identified,burglary,51.524057,-0.070864,1687466
2028,no-further-action,Investigation complete; no suspect identified,vehicle-crime,51.522234,-0.012286,1694861
2029,no-further-action,Investigation complete; no suspect identified,public-order,51.513598,-0.055063,1689803
2030,no-further-action,Investigation complete; no suspect identified,violent-crime,51.511281,-0.043892,1691286
2031,no-further-action,Investigation complete; no suspect identified,vehicle-crime,51.515951,-0.025286,1693352
2032,no-further-action,Investigation complete; no suspect identified,other-theft,51.527973,-0.065148,1688247
2033,court-result-unavailable,Court result unavailable,public-order,51.525611,-0.058213,1689364
2034,no-further-action,Investigation complete; no suspect identified,theft-from-the-person,51.519078,-0.061215,1688954
2035,no-further-action,Investigation complete; no suspect identified,violent-crime,51.528733,-0.053971,1689781
2036,no-further-action,Investigation complete; no suspect identified,other-theft,51.517964,-0.062401,1688800
2037,no-further-action,Investigation complete; no suspect identified,vehicle-crime,51.512774,-0.029373,1692964
2038,no-further-action,Investigation complete; no suspect identified,violent-crime,51.539332,-0.027923,1693091
2039,no-further-action,Investigation complete; no suspect identified,violent-crime,51.518913,-0.057244,1689539
2040,local-resolution,Local resolution,drugs,51.496340,-0.024304,1693474
2041,no-further-action,Investigation complete; no suspect identified,burglary,51.518249,-0.068212,1687816
2042,no-further-action,Investigation complete; no suspect identified,drugs,51.492724,-0.025844,1693371
2043,no-further-action,Investigation complete; no suspect identified,vehicle-crime,51.514817,-0.065143,1688334
2044,no-further-action,Investigation complete; no suspect identified,public-order,51.513903,-0.057716,1689383
2045,court-result-unavailable,Court result unavailable,possession-of-weapons,51.527114,-0.063757,1688608
2046,no-further-action,Investigation complete; no suspect identified,violent-crime,51.529480,-0.051849,1690072
2047,no-further-action,Investigation complete; no suspect identified,other-theft,51.519161,-0.059165,1689073
2048,no-further-action,Investigation complete; no suspect identified,violent-crime,51.526024,-0.063616,1688614
2049,no-further-action,Investigation complete; no suspect identified,other-theft,51.507884,-0.022004,1693678
2050,no-further-action,Investigation complete; no suspect identified,other-theft,51.519161,-0.059165,1689073
2051,no-further-action,Investigation complete; no suspect identified,violent-crime,51.508688,-0.012674,1694837
2052,no-further-action,Investigation complete; no suspect identified,vehicle-crime,51.499395,-0.019360,1694094
2053,no-further-action,Investigation complete; no suspect identified,violent-crime,51.533844,-0.030467,1692861
2054,no-further-action,Investigation complete; no suspect identified,criminal-damage-arson,51.524961,-0.056453,1689522
2055,no-further-action,Investigation complete; no suspect identified,shoplifting,51.496945,-0.021800,1693788
2056,no-further-action,Investigation complete; no suspect identified,other-theft,51.505114,-0.020928,1693749
2057,no-further-action,Investigation complete; no suspect identified,vehicle-crime,51.516128,-0.071588,1687357
2058,no-further-action,Investigation complete; no suspect identified,violent-crime,51.515313,-0.072300,1687197
2059,no-further-action,Investigation complete; no suspect identified,shoplifting,51.503073,-0.018600,1693936
2060,penalty-notice-issued,Offender given penalty notice,drugs,51.514545,-0.057920,1689420
2061,no-further-action,Investigation complete; no suspect identified,theft-from-the-person,51.521377,-0.048591,1690650
2062,no-further-action,Investigation complete; no suspect identified,violent-crime,51.522725,-0.063698,1688607
2063,court-result-unavailable,Court result unavailable,violent-crime,51.515939,-0.073744,1686956
2064,no-further-action,Investigation complete; no suspect identified,vehicle-crime,51.514893,-0.035623,1692221
2065,no-further-action,Investigation complete; no suspect identified,vehicle-crime,51.508996,-0.014923,1694601
2066,no-further-action,Investigation complete; no suspect identified,vehicle-crime,51.508996,-0.014923,1694601
2067,no-further-action,Investigation complete; no suspect identified,vehicle-crime,51.506820,-0.007005,1695383
2068,no-further-action,Investigation complete; no suspect identified,theft-from-the-person,51.505114,-0.020928,1693749
2069,no-further-action,Investigation complete; no suspect identified,public-order,51.515636,-0.074448,1686920
2070,no-further-action,Investigation complete; no suspect identified,shoplifting,51.504623,-0.016299,1694351
2071,no-further-action,Investigation complete; no suspect identified,theft-from-the-person,51.519620,-0.074496,1686908
2072,no-further-action,Investigation complete; no suspect identified,public-order,51.512924,-0.017491,1694243
2073,no-further-action,Investigation complete; no suspect identified,bicycle-theft,51.514451,-0.028594,1692988
2074,no-further-action,Investigation complete; no suspect identified,bicycle-theft,51.535630,-0.048025,1690598
2075,no-further-action,Investigation complete; no suspect identified,violent-crime,51.520731,-0.048114,1690662
2076,no-further-action,Investigation complete; no suspect identified,vehicle-crime,51.490793,-0.007892,1695270
2077,no-further-action,Investigation complete; no suspect identified,other-theft,51.511748,-0.073704,1490959
2078,no-further-action,Investigation complete; no suspect identified,vehicle-crime,51.529254,-0.056140,1689627
2079,no-further-action,Investigation complete; no suspect identified,violent-crime,51.534544,-0.062216,1688860
2080,no-further-action,Investigation complete; no suspect identified,theft-from-the-person,51.520466,-0.073971,1686928
2081,no-further-action,Investigation complete; no suspect identified,burglary,51.515754,-0.023147,1693587
2082,no-further-action,Investigation complete; no suspect identified,burglary,51.506463,-0.071708,1686673
2083,no-further-action,Investigation complete; no suspect identified,vehicle-crime,51.514105,-0.004900,1695539
2084,no-further-action,Investigation complete; no suspect identified,vehicle-crime,51.519856,-0.037730,1691995
2085,court-result-unavailable,Court result unavailable,violent-crime,51.522996,-0.033487,1692267
2086,no-further-action,Investigation complete; no suspect identified,violent-crime,51.524642,-0.043723,1691310
2087,no-further-action,Investigation complete; no suspect identified,public-order,51.536854,-0.031361,1692721
2088,no-further-action,Investigation complete; no suspect identified,shoplifting,51.502938,-0.021483,1693690
2089,no-further-action,Investigation complete; no suspect identified,violent-crime,51.525145,-0.042072,1691392
2090,no-further-action,Investigation complete; no suspect identified,vehicle-crime,51.508008,-0.022993,1693470
2091,no-further-action,Investigation complete; no suspect identified,vehicle-crime,51.508008,-0.022993,1693470
2092,no-further-action,Investigation complete; no suspect identified,violent-crime,51.511081,-0.029792,1692897
2093,no-further-action,Investigation complete; no suspect identified,violent-crime,51.538364,-0.022269,1693732
2094,court-result-unavailable,Court result unavailable,burglary,51.524415,-0.075159,1686688
2095,no-further-action,Investigation complete; no suspect identified,other-theft,51.514506,-0.058801,1689319
2096,no-further-action,Investigation complete; no suspect identified,violent-crime,51.533022,-0.063737,1688436
2097,no-further-action,Investigation complete; no suspect identified,shoplifting,51.504954,-0.019450,1694097
2098,no-further-action,Investigation complete; no suspect identified,vehicle-crime,51.499739,-0.021074,1693849
2099,no-further-action,Investigation complete; no suspect identified,violent-crime,51.528010,-0.052676,1690073
2100,no-further-action,Investigation complete; no suspect identified,shoplifting,51.535472,-0.021947,1693736
2101,no-further-action,Investigation complete; no suspect identified,burglary,51.496945,-0.021800,1693788
2102,no-further-action,Investigation complete; no suspect identified,violent-crime,51.515951,-0.025286,1693352
2103,no-further-action,Investigation complete; no suspect identified,violent-crime,51.519078,-0.061215,1688954
2104,no-further-action,Investigation complete; no suspect identified,theft-from-the-person,51.527222,-0.055578,1689738
2105,no-further-action,Investigation complete; no suspect identified,theft-from-the-person,51.523581,-0.073104,1686961
2106,no-further-action,Investigation complete; no suspect identified,other-crime,51.531848,-0.035340,1692121
2107,no-further-action,Investigation complete; no suspect identified,robbery,51.519161,-0.059165,1689073
2108,no-further-action,Investigation complete; no suspect identified,theft-from-the-person,51.514451,-0.028594,1692988
2109,no-further-action,Investigation complete; no suspect identified,shoplifting,51.527833,-0.021673,1693795
2110,no-further-action,Investigation complete; no suspect identified,violent-crime,51.498473,-0.014833,1694535
2111,no-further-action,Investigation complete; no suspect identified,other-crime,51.511594,-0.002675,1695788
2112,court-result-unavailable,Court result unavailable,drugs,51.511010,-0.026062,1693266
2113,court-result-unavailable,Court result unavailable,bicycle-theft,51.508008,-0.022993,1693470
2114,unable-to-prosecute,Unable to prosecute suspect,violent-crime,51.519078,-0.061215,1688954
2115,court-result-unavailable,Court result unavailable,violent-crime,51.509075,-0.069767,1687559
2116,no-further-action,Investigation complete; no suspect identified,violent-crime,51.534337,-0.057322,1689464
2117,no-further-action,Investigation complete; no suspect identified,theft-from-the-person,51.511140,-0.016228,1694389
2118,no-further-action,Investigation complete; no suspect identified,violent-crime,51.505464,-0.062917,1688616
2119,no-further-action,Investigation complete; no suspect identified,criminal-damage-arson,51.505193,-0.018720,1694128
2120,no-further-action,Investigation complete; no suspect identified,violent-crime,51.532047,-0.028959,1692873
2121,no-further-action,Investigation complete; no suspect identified,violent-crime,51.508688,-0.012674,1694837
2122,no-further-action,Investigation complete; no suspect identified,public-order,51.511828,-0.010130,1695057
2123,no-further-action,Investigation complete; no suspect identified,criminal-damage-arson,51.508624,-0.019507,1694051
2124,no-further-action,Investigation complete; no suspect identified,violent-crime,51.508804,-0.018995,1694143
2125,no-further-action,Investigation complete; no suspect identified,violent-crime,51.507944,-0.057898,1689135
2126,no-further-action,Investigation complete; no suspect identified,public-order,51.513898,-0.010199,1695000
2127,no-further-action,Investigation complete; no suspect identified,other-theft,51.525145,-0.042072,1691392
2128,no-further-action,Investigation complete; no suspect identified,theft-from-the-person,51.532409,-0.065263,1688269
2129,no-further-action,Investigation complete; no suspect identified,violent-crime,51.538364,-0.022269,1693732
2130,no-further-action,Investigation complete; no suspect identified,violent-crime,51.538364,-0.022269,1693732
2131,no-further-action,Investigation complete; no suspect identified,public-order,51.500330,-0.017778,1694224
2132,local-resolution,Local resolution,drugs,51.514459,-0.070160,1687547
2133,no-further-action,Investigation complete; no suspect identified,theft-from-the-person,51.532034,-0.060549,1688989
2134,no-further-action,Investigation complete; no suspect identified,theft-from-the-person,51.526481,-0.042967,1691211
2135,no-further-action,Investigation complete; no suspect identified,bicycle-theft,51.522253,-0.018224,1694150
2136,no-further-action,Investigation complete; no suspect identified,violent-crime,51.532245,-0.035366,1692245
2137,no-further-action,Investigation complete; no suspect identified,violent-crime,51.519890,-0.021556,1693820
2138,no-further-action,Investigation complete; no suspect identified,criminal-damage-arson,51.518422,-0.073278,1687076
2139,no-further-action,Investigation complete; no suspect identified,criminal-damage-arson,51.518422,-0.073278,1687076
2140,no-further-action,Investigation complete; no suspect identified,violent-crime,51.512998,-0.003262,1695747
2141,no-further-action,Investigation complete; no suspect identified,other-theft,51.534952,-0.062992,1688636
2142,no-further-action,Investigation complete; no suspect identified,other-theft,51.501547,-0.025405,1693421
2143,no-further-action,Investigation complete; no suspect identified,vehicle-crime,51.516078,-0.027976,1693098
2144,no-further-action,Investigation complete; no suspect identified,violent-crime,51.526195,-0.018961,1694023
2145,no-further-action,Investigation complete; no suspect identified,other-theft,51.516866,-0.066685,1688029
2146,no-further-action,Investigation complete; no suspect identified,burglary,51.513187,-0.014928,1694580
2147,no-further-action,Investigation complete; no suspect identified,criminal-damage-arson,51.516128,-0.071588,1687357
2148,no-further-action,Investigation complete; no suspect identified,vehicle-crime,51.513509,-0.040482,1691668
2149,no-further-action,Investigation complete; no suspect identified,criminal-damage-arson,51.519078,-0.061215,1688954
2150,no-further-action,Investigation complete; no suspect identified,bicycle-theft,51.524594,-0.037108,1691972
2151,no-further-action,Investigation complete; no suspect identified,shoplifting,51.504954,-0.019450,1694097
2152,no-further-action,Investigation complete; no suspect identified,vehicle-crime,51.496945,-0.021800,1693788
2153,no-further-action,Investigation complete; no suspect identified,violent-crime,51.522922,-0.059826,1689182
2154,no-further-action,Investigation complete; no suspect identified,shoplifting,51.524415,-0.075159,1686688
2155,no-further-action,Investigation complete; no suspect identified,violent-crime,51.528815,-0.046500,1690960
2156,no-further-action,Investigation complete; no suspect identified,other-theft,51.528117,-0.053709,1689926
2157,no-further-action,Investigation complete; no suspect identified,vehicle-crime,51.532995,-0.056673,1689635
2158,no-further-action,Investigation complete; no suspect identified,violent-crime,51.491431,-0.024920,1693269
2159,no-further-action,Investigation complete; no suspect identified,other-theft,51.518539,-0.073700,1686930
2160,no-further-action,Investigation complete; no suspect identified,other-theft,51.514338,-0.018135,1694138
2161,no-further-action,Investigation complete; no suspect identified,bicycle-theft,51.505397,-0.058827,1689228
2162,no-further-action,Investigation complete; no suspect identified,drugs,51.526259,-0.012082,1694845
2163,no-further-action,Investigation complete; no suspect identified,violent-crime,51.530812,-0.049759,1690499
2164,no-further-action,Investigation complete; no suspect identified,other-theft,51.529116,-0.045088,1691002
2165,no-further-action,Investigation complete; no suspect identified,possession-of-weapons,51.505397,-0.058827,1689228
2166,no-further-action,Investigation complete; no suspect identified,possession-of-weapons,51.505397,-0.058827,1689228
2167,no-further-action,Investigation complete; no suspect identified,possession-of-weapons,51.505397,-0.058827,1689228
2168,no-further-action,Investigation complete; no suspect identified,violent-crime,51.519857,-0.039935,1691766
2169,no-further-action,Investigation complete; no suspect identified,violent-crime,51.517217,-0.058527,1689305
2170,no-further-action,Investigation complete; no suspect identified,robbery,51.520449,-0.063088,1688641
2171,no-further-action,Investigation complete; no suspect identified,violent-crime,51.536887,-0.047884,1690819
2172,no-further-action,Investigation complete; no suspect identified,burglary,51.516866,-0.066685,1688029
2173,no-further-action,Investigation complete; no suspect identified,public-order,51.514742,-0.072148,1687260
2174,no-further-action,Investigation complete; no suspect identified,bicycle-theft,51.513031,-0.005754,1695527
2175,no-further-action,Investigation complete; no suspect identified,violent-crime,51.528782,-0.069467,1687714
2176,no-further-action,Investigation complete; no suspect identified,violent-crime,51.509427,0.000991,1696028
2177,no-further-action,Investigation complete; no suspect identified,vehicle-crime,51.519968,-0.043866,1691264
2178,no-further-action,Investigation complete; no suspect identified,vehicle-crime,51.518077,-0.038902,1691808
2179,no-further-action,Investigation complete; no suspect identified,violent-crime,51.507944,-0.057898,1689135
2180,no-further-action,Investigation complete; no suspect identified,other-theft,51.525105,-0.035947,1692139
2181,no-further-action,Investigation complete; no suspect identified,violent-crime,51.497515,-0.024657,1693406
2182,no-further-action,Investigation complete; no suspect identified,violent-crime,51.519078,-0.061215,1688954
2183,no-further-action,Investigation complete; no suspect identified,other-theft,51.515971,-0.075674,1686701
2184,no-further-action,Investigation complete; no suspect identified,public-order,51.516219,-0.018212,1694239
2185,court-result-unavailable,Court result unavailable,violent-crime,51.519775,-0.071852,1687106
2186,no-further-action,Investigation complete; no suspect identified,burglary,51.522102,-0.017294,1694307
2187,no-further-action,Investigation complete; no suspect identified,vehicle-crime,51.499832,-0.018073,1694165
2188,no-further-action,Investigation complete; no suspect identified,burglary,51.500171,-0.011027,1694905
2189,no-further-action,Investigation complete; no suspect identified,violent-crime,51.519376,-0.019300,1694062
2190,no-further-action,Investigation complete; no suspect identified,violent-crime,51.509826,-0.027857,1693145
2191,no-further-action,Investigation complete; no suspect identified,violent-crime,51.536887,-0.047884,1690819
2192,no-further-action,Investigation complete; no suspect identified,violent-crime,51.517885,-0.075636,1686711
2193,no-further-action,Investigation complete; no suspect identified,violent-crime,51.517885,-0.075636,1686711
2194,no-further-action,Investigation complete; no suspect identified,other-theft,51.505114,-0.020928,1693749
2195,court-result-unavailable,Court result unavailable,violent-crime,51.522725,-0.063698,1688607
2196,no-further-action,Investigation complete; no suspect identified,other-theft,51.533022,-0.063737,1688436
2197,no-further-action,Investigation complete; no suspect identified,violent-crime,51.519623,-0.043131,1691309
2198,no-further-action,Investigation complete; no suspect identified,drugs,51.524583,-0.033764,1692374
2199,no-further-action,Investigation complete; no suspect identified,violent-crime,51.510195,-0.018805,1693996
2200,no-further-action,Investigation complete; no suspect identified,violent-crime,51.525059,-0.019847,1693975
2201,no-further-action,Investigation complete; no suspect identified,bicycle-theft,51.515189,-0.066410,1688102
2202,no-further-action,Investigation complete; no suspect identified,vehicle-crime,51.534607,-0.054124,1689903
2203,no-further-action,Investigation complete; no suspect identified,vehicle-crime,51.514451,-0.041436,1691535
2204,no-further-action,Investigation complete; no suspect identified,other-theft,51.524041,-0.074800,1686775
2205,no-further-action,Investigation complete; no suspect identified,violent-crime,51.516078,-0.027976,1693098
2206,no-further-action,Investigation complete; no suspect identified,violent-crime,51.522164,-0.046164,1691015
2207,no-further-action,Investigation complete; no suspect identified,other-theft,51.511809,-0.073067,1687131
2208,no-further-action,Investigation complete; no suspect identified,violent-crime,51.525611,-0.058213,1689364
2209,no-further-action,Investigation complete; no suspect identified,other-theft,51.519078,-0.061215,1688954
2210,unable-to-prosecute,Unable to prosecute suspect,shoplifting,51.513647,-0.074330,1490955
2211,no-further-action,Investigation complete; no suspect identified,violent-crime,51.519961,-0.066237,1688103
2212,no-further-action,Investigation complete; no suspect identified,vehicle-crime,51.516187,-0.066973,1688033
2213,no-further-action,Investigation complete; no suspect identified,vehicle-crime,51.516187,-0.066973,1688033
2214,no-further-action,Investigation complete; no suspect identified,vehicle-crime,51.516187,-0.066973,1688033
2215,no-further-action,Investigation complete; no suspect identified,public-order,51.516679,-0.072257,1687165
2216,no-further-action,Investigation complete; no suspect identified,public-order,51.523751,-0.075778,1686629
2217,court-result-unavailable,Court result unavailable,drugs,51.520823,-0.045559,1691005
2218,no-further-action,Investigation complete; no suspect identified,violent-crime,51.511719,-0.013205,1694734
2219,no-further-action,Investigation complete; no suspect identified,burglary,51.505397,-0.058827,1689228
2220,no-further-action,Investigation complete; no suspect identified,robbery,51.516834,-0.070175,1687414
2221,no-further-action,Investigation complete; no suspect identified,other-theft,51.523581,-0.073104,1686961
2222,no-further-action,Investigation complete; no suspect identified,violent-crime,51.521166,-0.056975,1689416
2223,no-further-action,Investigation complete; no suspect identified,violent-crime,51.521166,-0.056975,1689416
2224,no-further-action,Investigation complete; no suspect identified,theft-from-the-person,51.521217,-0.070881,1687389
2225,no-further-action,Investigation complete; no suspect identified,robbery,51.517409,-0.011487,1694939
2226,no-further-action,Investigation complete; no suspect identified,criminal-damage-arson,51.520970,-0.018943,1694067
2227,no-further-action,Investigation complete; no suspect identified,public-order,51.491712,-0.022877,1693647
2228,no-further-action,Investigation complete; no suspect identified,vehicle-crime,51.517212,-0.056596,1689587
2229,no-further-action,Investigation complete; no suspect identified,public-order,51.518249,-0.068212,1687816
2230,no-further-action,Investigation complete; no suspect identified,other-theft,51.506463,-0.071708,1686673
2231,no-further-action,Investigation complete; no suspect identified,vehicle-crime,51.515178,-0.076716,1490945
2232,no-further-action,Investigation complete; no suspect identified,violent-crime,51.514459,-0.070160,1687547
2233,local-resolution,Local resolution,drugs,51.524084,-0.032459,1692631
2234,no-further-action,Investigation complete; no suspect identified,criminal-damage-arson,51.506820,-0.007005,1695383
2235,no-further-action,Investigation complete; no suspect identified,theft-from-the-person,51.526579,-0.033721,1692484
2236,court-result-unavailable,Court result unavailable,drugs,51.516187,-0.066973,1688033
2237,no-further-action,Investigation complete; no suspect identified,bicycle-theft,51.517406,-0.040689,1691557
2238,no-further-action,Investigation complete; no suspect identified,shoplifting,51.509520,-0.063451,1688669
2239,no-further-action,Investigation complete; no suspect identified,shoplifting,51.504954,-0.019450,1694097
2240,no-further-action,Investigation complete; no suspect identified,drugs,51.499731,-0.009476,1695119
2241,no-further-action,Investigation complete; no suspect identified,criminal-damage-arson,51.523843,-0.043829,1691164
2242,no-further-action,Investigation complete; no suspect identified,criminal-damage-arson,51.523843,-0.043829,1691164
2243,no-further-action,Investigation complete; no suspect identified,vehicle-crime,51.510310,-0.056875,1689583
2244,no-further-action,Investigation complete; no suspect identified,robbery,51.511719,-0.013205,1694734
2245,no-further-action,Investigation complete; no suspect identified,theft-from-the-person,51.521966,-0.046649,1690951
2246,no-further-action,Investigation complete; no suspect identified,criminal-damage-arson,51.507428,-0.067517,1687944
2247,no-further-action,Investigation complete; no suspect identified,violent-crime,51.509133,-0.061248,1688928
2248,no-further-action,Investigation complete; no suspect identified,other-theft,51.518209,-0.067435,1687912
2249,no-further-action,Investigation complete; no suspect identified,public-order,51.519078,-0.061215,1688954
2250,no-further-action,Investigation complete; no suspect identified,violent-crime,51.521432,-0.042707,1691376
2251,no-further-action,Investigation complete; no suspect identified,burglary,51.516128,-0.071588,1687357
2252,no-further-action,Investigation complete; no suspect identified,robbery,51.516942,-0.073485,1687007
2253,court-result-unavailable,Court result unavailable,robbery,51.496945,-0.021800,1693788
2254,no-further-action,Investigation complete; no suspect identified,drugs,51.519831,-0.035699,1692075
2255,no-further-action,Investigation complete; no suspect identified,violent-crime,51.506214,-0.059859,1689132
2256,no-further-action,Investigation complete; no suspect identified,theft-from-the-person,51.524032,-0.071542,1687315
2257,court-result-unavailable,Court result unavailable,drugs,51.517466,-0.014339,1694596
2258,no-further-action,Investigation complete; no suspect identified,burglary,51.529866,-0.030264,1692757
2259,no-further-action,Investigation complete; no suspect identified,vehicle-crime,51.527782,-0.050854,1690327
2260,no-further-action,Investigation complete; no suspect identified,violent-crime,51.489206,-0.008191,1695182
2261,no-further-action,Investigation complete; no suspect identified,criminal-damage-arson,51.508624,-0.019507,1694051
2262,no-further-action,Investigation complete; no suspect identified,shoplifting,51.521966,-0.046649,1690951
2263,no-further-action,Investigation complete; no suspect identified,theft-from-the-person,51.504540,-0.018892,1694065
2264,no-further-action,Investigation complete; no suspect identified,other-theft,51.519788,-0.030454,1692882
2265,no-further-action,Investigation complete; no suspect identified,violent-crime,51.523751,-0.075778,1686629
2266,no-further-action,Investigation complete; no suspect identified,public-order,51.521966,-0.046649,1690951
2267,no-further-action,Investigation complete; no suspect identified,violent-crime,51.522203,-0.020590,1693815
2268,no-further-action,Investigation complete; no suspect identified,violent-crime,51.518768,-0.053906,1689923
2269,no-further-action,Investigation complete; no suspect identified,other-theft,51.505397,-0.058827,1689228
2270,no-further-action,Investigation complete; no suspect identified,violent-crime,51.515951,-0.025286,1693352
2271,no-further-action,Investigation complete; no suspect identified,burglary,51.525246,-0.029353,1692966
2272,no-further-action,Investigation complete; no suspect identified,vehicle-crime,51.521864,-0.022349,1693719
2273,court-result-unavailable,Court result unavailable,violent-crime,51.523243,-0.012963,1694744
2274,no-further-action,Investigation complete; no suspect identified,other-theft,51.521518,-0.073422,1686977
2275,no-further-action,Investigation complete; no suspect identified,shoplifting,51.525814,-0.028867,1693024
2276,no-further-action,Investigation complete; no suspect identified,theft-from-the-person,51.520714,-0.072003,1687289
2277,no-further-action,Investigation complete; no suspect identified,violent-crime,51.513031,-0.005754,1695527
2278,no-further-action,Investigation complete; no suspect identified,theft-from-the-person,51.520539,-0.058760,1689312
2279,no-further-action,Investigation complete; no suspect identified,other-theft,51.524704,-0.062634,1688747
2280,no-further-action,Investigation complete; no suspect identified,shoplifting,51.508109,-0.008736,1695101
2281,court-result-unavailable,Court result unavailable,possession-of-weapons,51.522042,-0.055554,1689783
2282,no-further-action,Investigation complete; no suspect identified,public-order,51.520429,-0.030570,1692822
2283,local-resolution,Local resolution,shoplifting,51.505114,-0.020928,1693749
2284,no-further-action,Investigation complete; no suspect identified,theft-from-the-person,51.519576,-0.057605,1689443
2285,no-further-action,Investigation complete; no suspect identified,violent-crime,51.514656,-0.059198,1689286
2286,no-further-action,Investigation complete; no suspect identified,burglary,51.509577,-0.063679,1688584
2287,no-further-action,Investigation complete; no suspect identified,theft-from-the-person,51.528842,-0.039477,1691510
2288,no-further-action,Investigation complete; no suspect identified,other-theft,51.513169,-0.071540,1687257
2289,no-further-action,Investigation complete; no suspect identified,vehicle-crime,51.510310,-0.056875,1689583
2290,no-further-action,Investigation complete; no suspect identified,criminal-damage-arson,51.489399,-0.015313,1694504
2291,no-further-action,Investigation complete; no suspect identified,violent-crime,51.512774,-0.029373,1692964
2292,no-further-action,Investigation complete; no suspect identified,violent-crime,51.513567,-0.061319,1688907
2293,no-further-action,Investigation complete; no suspect identified,other-theft,51.505691,-0.028482,1693038
2294,no-further-action,Investigation complete; no suspect identified,other-crime,51.515192,-0.016542,1694350
2295,no-further-action,Investigation complete; no suspect identified,burglary,51.529079,-0.063472,1688617
2296,no-further-action,Investigation complete; no suspect identified,criminal-damage-arson,51.532145,-0.031593,1692729
2297,no-further-action,Investigation complete; no suspect identified,drugs,51.492724,-0.025844,1693371
2298,no-further-action,Investigation complete; no suspect identified,vehicle-crime,51.511594,-0.002675,1695788
2299,no-further-action,Investigation complete; no suspect identified,theft-from-the-person,51.525793,-0.069234,1687693
2300,no-further-action,Investigation complete; no suspect identified,violent-crime,51.512472,-0.029631,1692843
2301,no-further-action,Investigation complete; no suspect identified,burglary,51.513005,-0.033513,1692429
2302,no-further-action,Investigation complete; no suspect identified,violent-crime,51.514338,-0.018135,1694138
2303,no-further-action,Investigation complete; no suspect identified,violent-crime,51.533371,-0.038706,1691612
2304,no-further-action,Investigation complete; no suspect identified,other-theft,51.522046,-0.075475,1686645
2305,no-further-action,Investigation complete; no suspect identified,shoplifting,51.527782,-0.050854,1690327
2306,court-result-unavailable,Court result unavailable,violent-crime,51.528117,-0.053709,1689926
2307,no-further-action,Investigation complete; no suspect identified,other-theft,51.528213,-0.014376,1694583
2308,no-further-action,Investigation complete; no suspect identified,shoplifting,51.511164,-0.075401,1490951
2309,no-further-action,Investigation complete; no suspect identified,vehicle-crime,51.509469,-0.036058,1691967
2310,no-further-action,Investigation complete; no suspect identified,theft-from-the-person,51.522367,-0.047511,1690753
2311,no-further-action,Investigation complete; no suspect identified,public-order,51.531914,-0.041393,1691545
2312,no-further-action,Investigation complete; no suspect identified,theft-from-the-person,51.515684,-0.071909,1687267
2313,no-further-action,Investigation complete; no suspect identified,vehicle-crime,51.509188,-0.005043,1695616
2314,court-result-unavailable,Court result unavailable,violent-crime,51.520222,-0.035300,1692309
2315,no-further-action,Investigation complete; no suspect identified,public-order,51.519119,-0.056615,1689543
2316,court-result-unavailable,Court result unavailable,violent-crime,51.519161,-0.059165,1689073
2317,court-result-unavailable,Court result unavailable,public-order,51.503073,-0.018600,1693936
2318,no-further-action,Investigation complete; no suspect identified,other-theft,51.535725,-0.022023,1693744
2319,no-further-action,Investigation complete; no suspect identified,vehicle-crime,51.517217,-0.058527,1689305
2320,no-further-action,Investigation complete; no suspect identified,vehicle-crime,51.511652,-0.051024,1690371
2321,cautioned,Offender given a caution,drugs,51.521432,-0.042707,1691376
2322,no-further-action,Investigation complete; no suspect identified,vehicle-crime,51.504623,-0.016299,1694351
2323,no-further-action,Investigation complete; no suspect identified,vehicle-crime,51.504623,-0.016299,1694351
2324,no-further-action,Investigation complete; no suspect identified,criminal-damage-arson,51.514459,-0.070160,1687547
2325,no-further-action,Investigation complete; no suspect identified,criminal-damage-arson,51.534607,-0.054124,1689903
2326,no-further-action,Investigation complete; no suspect identified,vehicle-crime,51.513783,-0.067839,1687855
2327,no-further-action,Investigation complete; no suspect identified,violent-crime,51.505114,-0.020928,1693749
2328,no-further-action,Investigation complete; no suspect identified,violent-crime,51.489309,-0.021699,1693796
2329,no-further-action,Investigation complete; no suspect identified,robbery,51.531889,-0.058854,1689303
2330,no-further-action,Investigation complete; no suspect identified,shoplifting,51.520539,-0.058760,1689312
2331,no-further-action,Investigation complete; no suspect identified,bicycle-theft,51.523751,-0.075778,1686629
2332,no-further-action,Investigation complete; no suspect identified,burglary,51.528842,-0.039477,1691510
2333,no-further-action,Investigation complete; no suspect identified,other-theft,51.523751,-0.075778,1686629
2334,no-further-action,Investigation complete; no suspect identified,burglary,51.526240,-0.066360,1688116
2335,no-further-action,Investigation complete; no suspect identified,robbery,51.514451,-0.028594,1692988
2336,court-result-unavailable,Court result unavailable,violent-crime,51.510048,-0.046510,1690691
2337,no-further-action,Investigation complete; no suspect identified,vehicle-crime,51.539145,-0.021644,1693777
2338,no-further-action,Investigation complete; no suspect identified,other-theft,51.514762,-0.062335,1688765
2339,no-further-action,Investigation complete; no suspect identified,violent-crime,51.525388,-0.013749,1694677
2340,no-further-action,Investigation complete; no suspect identified,vehicle-crime,51.520100,-0.012653,1694846
2341,no-further-action,Investigation complete; no suspect identified,violent-crime,51.521516,-0.010270,1695116
2342,no-further-action,Investigation complete; no suspect identified,violent-crime,51.524041,-0.074800,1686775
2343,no-further-action,Investigation complete; no suspect identified,burglary,51.524753,-0.065630,1688238
2344,no-further-action,Investigation complete; no suspect identified,theft-from-the-person,51.528782,-0.069467,1687714
2345,no-further-action,Investigation complete; no suspect identified,other-theft,51.523243,-0.012963,1694744
2346,no-further-action,Investigation complete; no suspect identified,violent-crime,51.525039,-0.055743,1689727
2347,no-further-action,Investigation complete; no suspect identified,vehicle-crime,51.518741,-0.020582,1693947
2348,no-further-action,Investigation complete; no suspect identified,violent-crime,51.504558,-0.033344,1692349
2349,no-further-action,Investigation complete; no suspect identified,violent-crime,51.521342,-0.029824,1692888
2350,no-further-action,Investigation complete; no suspect identified,public-order,51.519788,-0.030454,1692882
2351,no-further-action,Investigation complete; no suspect identified,vehicle-crime,51.521340,-0.033457,1692511
2352,no-further-action,Investigation complete; no suspect identified,violent-crime,51.508804,-0.018995,1694143
2353,no-further-action,Investigation complete; no suspect identified,violent-crime,51.530634,-0.017687,1694149
2354,court-result-unavailable,Court result unavailable,drugs,51.515741,-0.060607,1689023
2355,court-result-unavailable,Court result unavailable,drugs,51.515741,-0.060607,1689023
2356,no-further-action,Investigation complete; no suspect identified,robbery,51.532409,-0.065263,1688269
2357,no-further-action,Investigation complete; no suspect identified,vehicle-crime,51.515684,-0.071909,1687267
2358,no-further-action,Investigation complete; no suspect identified,vehicle-crime,51.515684,-0.071909,1687267
2359,no-further-action,Investigation complete; no suspect identified,vehicle-crime,51.498273,-0.007263,1695321
2360,no-further-action,Investigation complete; no suspect identified,bicycle-theft,51.521582,-0.050053,1690502
2361,no-further-action,Investigation complete; no suspect identified,burglary,51.508842,-0.057831,1689143
2362,no-further-action,Investigation complete; no suspect identified,shoplifting,51.527225,-0.060148,1689125
2363,court-result-unavailable,Court result unavailable,shoplifting,51.508109,-0.008736,1695101
2364,no-further-action,Investigation complete; no suspect identified,other-theft,51.508588,-0.074039,1686590
2365,no-further-action,Investigation complete; no suspect identified,shoplifting,51.509520,-0.063451,1688669
2366,no-further-action,Investigation complete; no suspect identified,violent-crime,51.527088,-0.029245,1692937
2367,court-result-unavailable,Court result unavailable,shoplifting,51.511164,-0.075401,1490951
2368,formal-action-not-in-public-interest,Formal action is not in the public interest,violent-crime,51.511965,-0.075453,1490950
2369,no-further-action,Investigation complete; no suspect identified,other-theft,51.511652,-0.051024,1690371
2370,no-further-action,Investigation complete; no suspect identified,violent-crime,51.509890,-0.010892,1695009
2371,no-further-action,Investigation complete; no suspect identified,bicycle-theft,51.529884,-0.061592,1688932
2372,no-further-action,Investigation complete; no suspect identified,vehicle-crime,51.498473,-0.014833,1694535
2373,no-further-action,Investigation complete; no suspect identified,violent-crime,51.530916,-0.023168,1693610
2374,no-further-action,Investigation complete; no suspect identified,burglary,51.528176,-0.068138,1687902
2375,no-further-action,Investigation complete; no suspect identified,violent-crime,51.537761,-0.023290,1693593
2376,no-further-action,Investigation complete; no suspect identified,violent-crime,51.528233,-0.026225,1693207
2377,no-further-action,Investigation complete; no suspect identified,robbery,51.514545,-0.057920,1689420
2378,no-further-action,Investigation complete; no suspect identified,theft-from-the-person,51.520466,-0.073971,1686928
2379,no-further-action,Investigation complete; no suspect identified,violent-crime,51.520977,-0.049401,1690560
2380,local-resolution,Local resolution,drugs,51.512921,-0.025850,1693330
2381,no-further-action,Investigation complete; no suspect identified,violent-crime,51.513598,-0.055063,1689803
2382,no-further-action,Investigation complete; no suspect identified,theft-from-the-person,51.508588,-0.074039,1686590
2383,no-further-action,Investigation complete; no suspect identified,public-order,51.524494,-0.073959,1686959
2384,no-further-action,Investigation complete; no suspect identified,violent-crime,51.496945,-0.021800,1693788
2385,no-further-action,Investigation complete; no suspect identified,vehicle-crime,51.513207,-0.026803,1693078
2386,no-further-action,Investigation complete; no suspect identified,public-order,51.521305,-0.028154,1693097
2387,no-further-action,Investigation complete; no suspect identified,burglary,51.532245,-0.035366,1692245
2388,no-further-action,Investigation complete; no suspect identified,bicycle-theft,51.519884,-0.061022,1688920
2389,local-resolution,Local resolution,violent-crime,51.512625,-0.075080,1490952
2390,no-further-action,Investigation complete; no suspect identified,other-theft,51.510379,-0.044781,1691114
2391,no-further-action,Investigation complete; no suspect identified,violent-crime,51.516982,-0.064979,1688365
2392,no-further-action,Investigation complete; no suspect identified,theft-from-the-person,51.528782,-0.069467,1687714
2393,no-further-action,Investigation complete; no suspect identified,criminal-damage-arson,51.518831,-0.010503,1695006
2394,no-further-action,Investigation complete; no suspect identified,bicycle-theft,51.520539,-0.058760,1689312
2395,no-further-action,Investigation complete; no suspect identified,public-order,51.508688,-0.012674,1694837
2396,no-further-action,Investigation complete; no suspect identified,shoplifting,51.522550,-0.039618,1691756
2397,no-further-action,Investigation complete; no suspect identified,criminal-damage-arson,51.498989,-0.019824,1693940
2398,no-further-action,Investigation complete; no suspect identified,shoplifting,51.519620,-0.074496,1686908
2399,no-further-action,Investigation complete; no suspect identified,violent-crime,51.528036,-0.015090,1694527
2400,no-further-action,Investigation complete; no suspect identified,violent-crime,51.529254,-0.056140,1689627
2401,no-further-action,Investigation complete; no suspect identified,vehicle-crime,51.510671,-0.045575,1690992
2402,court-result-unavailable,Court result unavailable,violent-crime,51.527225,-0.060148,1689125
2403,no-further-action,Investigation complete; no suspect identified,vehicle-crime,51.508681,-0.016788,1694336
2404,no-further-action,Investigation complete; no suspect identified,other-theft,51.518249,-0.068212,1687816
2405,no-further-action,Investigation complete; no suspect identified,violent-crime,51.502031,-0.026926,1692698
2406,no-further-action,Investigation complete; no suspect identified,public-order,51.513005,-0.033513,1692429
2407,no-further-action,Investigation complete; no suspect identified,violent-crime,51.499911,-0.010534,1695058
2408,no-further-action,Investigation complete; no suspect identified,burglary,51.519620,-0.074496,1686908
2409,no-further-action,Investigation complete; no suspect identified,public-order,51.528233,-0.026225,1693207
2410,penalty-notice-issued,Offender given penalty notice,drugs,51.523644,-0.017501,1694130
2411,court-result-unavailable,Court result unavailable,other-theft,51.505066,-0.017558,1694219
2412,no-further-action,Investigation complete; no suspect identified,vehicle-crime,51.516381,-0.060753,1689025
2413,no-further-action,Investigation complete; no suspect identified,violent-crime,51.513005,-0.033513,1692429
2414,no-further-action,Investigation complete; no suspect identified,shoplifting,51.504623,-0.016299,1694351
2415,no-further-action,Investigation complete; no suspect identified,criminal-damage-arson,51.497539,-0.011704,1694934
2416,no-further-action,Investigation complete; no suspect identified,other-theft,51.513781,-0.024530,1693471
2417,no-further-action,Investigation complete; no suspect identified,shoplifting,51.523581,-0.073104,1686961
2418,no-further-action,Investigation complete; no suspect identified,other-theft,51.517083,-0.077169,1686464
2419,no-further-action,Investigation complete; no suspect identified,burglary,51.490793,-0.007892,1695270
2420,court-result-unavailable,Court result unavailable,violent-crime,51.511164,-0.075401,1490951
2421,no-further-action,Investigation complete; no suspect identified,bicycle-theft,51.518735,-0.057886,1689435
2422,no-further-action,Investigation complete; no suspect identified,robbery,51.527973,-0.065148,1688247
2423,no-further-action,Investigation complete; no suspect identified,violent-crime,51.510246,-0.023458,1693588
2424,no-further-action,Investigation complete; no suspect identified,vehicle-crime,51.494890,-0.014960,1694589
2425,court-result-unavailable,Court result unavailable,robbery,51.512249,-0.040464,1691625
2426,no-further-action,Investigation complete; no suspect identified,theft-from-the-person,51.535472,-0.021947,1693736
2427,no-further-action,Investigation complete; no suspect identified,other-theft,51.529038,-0.042035,1691422
2428,no-further-action,Investigation complete; no suspect identified,criminal-damage-arson,51.521671,-0.076716,1686382
2429,no-further-action,Investigation complete; no suspect identified,robbery,51.528453,-0.050638,1690425
2430,no-further-action,Investigation complete; no suspect identified,criminal-damage-arson,51.518950,-0.019636,1694045
2431,no-further-action,Investigation complete; no suspect identified,violent-crime,51.519931,-0.074881,1686748
2432,no-further-action,Investigation complete; no suspect identified,theft-from-the-person,51.520849,-0.059035,1689288
2433,no-further-action,Investigation complete; no suspect identified,other-theft,51.511037,-0.074253,1490956
2434,no-further-action,Investigation complete; no suspect identified,bicycle-theft,51.523243,-0.012963,1694744
2435,no-further-action,Investigation complete; no suspect identified,shoplifting,51.504954,-0.019450,1694097
2436,no-further-action,Investigation complete; no suspect identified,violent-crime,51.497515,-0.024657,1693406
2437,no-further-action,Investigation complete; no suspect identified,burglary,51.539282,-0.024983,1693370
2438,no-further-action,Investigation complete; no suspect identified,other-theft,51.532027,-0.063923,1688511
2439,no-further-action,Investigation complete; no suspect identified,bicycle-theft,51.514459,-0.070160,1687547
2440,no-further-action,Investigation complete; no suspect identified,other-theft,51.518170,-0.063992,1688411
2441,no-further-action,Investigation complete; no suspect identified,public-order,51.517217,-0.058527,1689305
2442,no-further-action,Investigation complete; no suspect identified,other-theft,51.535804,-0.057952,1689446
2443,no-further-action,Investigation complete; no suspect identified,shoplifting,51.527833,-0.021673,1693795
2444,no-further-action,Investigation complete; no suspect identified,public-order,51.517409,-0.011487,1694939
2445,no-further-action,Investigation complete; no suspect identified,violent-crime,51.509939,-0.073608,1687050
2446,no-further-action,Investigation complete; no suspect identified,violent-crime,51.509939,-0.073608,1687050
2447,no-further-action,Investigation complete; no suspect identified,violent-crime,51.509939,-0.073608,1687050
2448,no-further-action,Investigation complete; no suspect identified,violent-crime,51.512519,-0.046375,1690896
2449,no-further-action,Investigation complete; no suspect identified,violent-crime,51.501220,-0.021471,1693854
2450,no-further-action,Investigation complete; no suspect identified,violent-crime,51.540081,-0.023261,1693496
2451,no-further-action,Investigation complete; no suspect identified,shoplifting,51.504623,-0.016299,1694351
2452,no-further-action,Investigation complete; no suspect identified,public-order,51.525157,-0.012851,1694761
2453,no-further-action,Investigation complete; no suspect identified,vehicle-crime,51.515920,-0.058971,1689081
2454,no-further-action,Investigation complete; no suspect identified,bicycle-theft,51.520539,-0.058760,1689312
2455,no-further-action,Investigation complete; no suspect identified,theft-from-the-person,51.508588,-0.074039,1686590
2456,court-result-unavailable,Court result unavailable,violent-crime,51.519078,-0.061215,1688954
2457,no-further-action,Investigation complete; no suspect identified,shoplifting,51.511719,-0.013205,1694734
2458,no-further-action,Investigation complete; no suspect identified,theft-from-the-person,51.525153,-0.033451,1692517
2459,no-further-action,Investigation complete; no suspect identified,other-theft,51.533007,-0.053601,1689931
2460,no-further-action,Investigation complete; no suspect identified,public-order,51.522164,-0.046164,1691015
2461,no-further-action,Investigation complete; no suspect identified,theft-from-the-person,51.535693,-0.056702,1689478
2462,no-further-action,Investigation complete; no suspect identified,violent-crime,51.535318,-0.028817,1693018
2463,no-further-action,Investigation complete; no suspect identified,violent-crime,51.535318,-0.028817,1693018
2464,unable-to-prosecute,Unable to prosecute suspect,violent-crime,51.513647,-0.074330,1490955
2465,no-further-action,Investigation complete; no suspect identified,theft-from-the-person,51.526843,-0.059876,1689100
2466,no-further-action,Investigation complete; no suspect identified,public-order,51.530912,-0.037428,1692046
2467,no-further-action,Investigation complete; no suspect identified,other-theft,51.520981,-0.055585,1689670
2468,no-further-action,Investigation complete; no suspect identified,violent-crime,51.510379,-0.005265,1695470
2469,no-further-action,Investigation complete; no suspect identified,violent-crime,51.506214,-0.059859,1689132
2470,no-further-action,Investigation complete; no suspect identified,violent-crime,51.506214,-0.059859,1689132
2471,no-further-action,Investigation complete; no suspect identified,violent-crime,51.506214,-0.059859,1689132
2472,no-further-action,Investigation complete; no suspect identified,violent-crime,51.514374,-0.061184,1688936
2473,no-further-action,Investigation complete; no suspect identified,violent-crime,51.506214,-0.059859,1689132
2474,no-further-action,Investigation complete; no suspect identified,violent-crime,51.518690,-0.026609,1693155
2475,no-further-action,Investigation complete; no suspect identified,vehicle-crime,51.533155,-0.052211,1690062
2476,no-further-action,Investigation complete; no suspect identified,vehicle-crime,51.498025,-0.021336,1693840
2477,no-further-action,Investigation complete; no suspect identified,drugs,51.534485,-0.060286,1689080
2478,court-result-unavailable,Court result unavailable,violent-crime,51.514559,-0.014710,1694613
2479,no-further-action,Investigation complete; no suspect identified,criminal-damage-arson,51.514032,-0.065494,1688314
2480,no-further-action,Investigation complete; no suspect identified,vehicle-crime,51.518258,-0.071498,1687256
2481,no-further-action,Investigation complete; no suspect identified,vehicle-crime,51.518258,-0.071498,1687256
2482,no-further-action,Investigation complete; no suspect identified,other-theft,51.521184,-0.077746,1686265
2483,local-resolution,Local resolution,other-theft,51.508717,-0.065474,1688032
2484,no-further-action,Investigation complete; no suspect identified,drugs,51.514017,-0.026264,1693258
2485,no-further-action,Investigation complete; no suspect identified,drugs,51.514017,-0.026264,1693258
2486,no-further-action,Investigation complete; no suspect identified,drugs,51.514017,-0.026264,1693258
2487,no-further-action,Investigation complete; no suspect identified,violent-crime,51.521797,-0.039247,1691755
2488,no-further-action,Investigation complete; no suspect identified,drugs,51.525157,-0.012851,1694761
2489,no-further-action,Investigation complete; no suspect identified,violent-crime,51.527225,-0.060148,1689125
2490,no-further-action,Investigation complete; no suspect identified,other-theft,51.522943,-0.040849,1691461
2491,court-result-unavailable,Court result unavailable,shoplifting,51.527833,-0.021673,1693795
2492,no-further-action,Investigation complete; no suspect identified,public-order,51.514742,-0.072148,1687260
2493,no-further-action,Investigation complete; no suspect identified,shoplifting,51.527032,-0.062016,1688810
2494,no-further-action,Investigation complete; no suspect identified,bicycle-theft,51.523953,-0.072728,1687112
2495,no-further-action,Investigation complete; no suspect identified,vehicle-crime,51.494253,-0.013619,1694668
2496,no-further-action,Investigation complete; no suspect identified,violent-crime,51.504540,-0.018892,1694065
2497,no-further-action,Investigation complete; no suspect identified,criminal-damage-arson,51.528383,-0.016473,1694148
2498,no-further-action,Investigation complete; no suspect identified,robbery,51.508651,-0.026438,1693132
2499,no-further-action,Investigation complete; no suspect identified,public-order,51.522582,-0.070840,1687370
2500,no-further-action,Investigation complete; no suspect identified,public-order,51.524653,-0.048710,1690684
2501,no-further-action,Investigation complete; no suspect identified,vehicle-crime,51.519219,-0.028705,1692901
2502,no-further-action,Investigation complete; no suspect identified,violent-crime,51.498025,-0.021336,1693840
2503,no-further-action,Investigation complete; no suspect identified,criminal-damage-arson,51.502938,-0.021483,1693690
2504,no-further-action,Investigation complete; no suspect identified,public-order,51.499739,-0.021074,1693849
2505,no-further-action,Investigation complete; no suspect identified,burglary,51.524753,-0.065630,1688238
2506,no-further-action,Investigation complete; no suspect identified,other-theft,51.518539,-0.073700,1686930
2507,no-further-action,Investigation complete; no suspect identified,other-theft,51.513237,-0.049530,1690534
2508,no-further-action,Investigation complete; no suspect identified,drugs,51.523651,-0.030748,1692661
2509,no-further-action,Investigation complete; no suspect identified,drugs,51.510164,-0.068713,1687635
2510,no-further-action,Investigation complete; no suspect identified,other-theft,51.520492,-0.075555,1686666
2511,no-further-action,Investigation complete; no suspect identified,violent-crime,51.499739,-0.021074,1693849
2512,no-further-action,Investigation complete; no suspect identified,violent-crime,51.516532,-0.015965,1694446
2513,no-further-action,Investigation complete; no suspect identified,other-theft,51.512141,-0.072463,1687143
2514,court-result-unavailable,Court result unavailable,shoplifting,51.511164,-0.075401,1490951
2515,no-further-action,Investigation complete; no suspect identified,burglary,51.501079,-0.024301,1693461
2516,no-further-action,Investigation complete; no suspect identified,theft-from-the-person,51.511348,-0.028512,1692969
2517,no-further-action,Investigation complete; no suspect identified,violent-crime,51.505712,-0.069765,1687602
2518,no-further-action,Investigation complete; no suspect identified,public-order,51.519161,-0.059165,1689073
2519,no-further-action,Investigation complete; no suspect identified,other-theft,51.519078,-0.061215,1688954
2520,no-further-action,Investigation complete; no suspect identified,shoplifting,51.504623,-0.016299,1694351
2521,no-further-action,Investigation complete; no suspect identified,bicycle-theft,51.524807,-0.074364,1686929
2522,no-further-action,Investigation complete; no suspect identified,violent-crime,51.530657,-0.035636,1692143
2523,no-further-action,Investigation complete; no suspect identified,theft-from-the-person,51.527355,-0.024274,1693444
2524,no-further-action,Investigation complete; no suspect identified,other-theft,51.519788,-0.030454,1692882
2525,no-further-action,Investigation complete; no suspect identified,violent-crime,51.510118,-0.012165,1694863
2526,no-further-action,Investigation complete; no suspect identified,public-order,51.522713,-0.039150,1691730
2527,no-further-action,Investigation complete; no suspect identified,public-order,51.515939,-0.073744,1686956
2528,no-further-action,Investigation complete; no suspect identified,shoplifting,51.528410,-0.049703,1690498
2529,no-further-action,Investigation complete; no suspect identified,violent-crime,51.530695,-0.055171,1689776
2530,no-further-action,Investigation complete; no suspect identified,burglary,51.526271,-0.020241,1693946
2531,no-further-action,Investigation complete; no suspect identified,violent-crime,51.513005,-0.033513,1692429
2532,no-further-action,Investigation complete; no suspect identified,violent-crime,51.524929,-0.073566,1687022
2533,no-further-action,Investigation complete; no suspect identified,violent-crime,51.512323,-0.022359,1693666
2534,no-further-action,Investigation complete; no suspect identified,criminal-damage-arson,51.533007,-0.053601,1689931
2535,no-further-action,Investigation complete; no suspect identified,theft-from-the-person,51.532156,-0.063010,1688692
2536,no-further-action,Investigation complete; no suspect identified,theft-from-the-person,51.506877,-0.067324,1687936
2537,court-result-unavailable,Court result unavailable,violent-crime,51.508242,-0.050377,1690385
2538,no-further-action,Investigation complete; no suspect identified,theft-from-the-person,51.515121,-0.072683,1687059
2539,court-result-unavailable,Court result unavailable,violent-crime,51.511010,-0.026062,1693266
2540,no-further-action,Investigation complete; no suspect identified,shoplifting,51.504937,-0.019523,1693948
2541,no-further-action,Investigation complete; no suspect identified,violent-crime,51.514347,-0.055723,1689678
2542,no-further-action,Investigation complete; no suspect identified,burglary,51.506804,-0.020379,1693923
2543,no-further-action,Investigation complete; no suspect identified,theft-from-the-person,51.515121,-0.072683,1687059
2544,court-result-unavailable,Court result unavailable,shoplifting,51.511164,-0.075401,1490951
2545,no-further-action,Investigation complete; no suspect identified,other-theft,51.521582,-0.050053,1690502
2546,no-further-action,Investigation complete; no suspect identified,vehicle-crime,51.517049,-0.060912,1688873
2547,no-further-action,Investigation complete; no suspect identified,shoplifting,51.526240,-0.066360,1688116
2548,no-further-action,Investigation complete; no suspect identified,other-theft,51.526341,-0.029205,1692925
2549,court-result-unavailable,Court result unavailable,burglary,51.519772,-0.060263,1689062
2550,no-further-action,Investigation complete; no suspect identified,violent-crime,51.524084,-0.032459,1692631
2551,no-further-action,Investigation complete; no suspect identified,vehicle-crime,51.509133,-0.061248,1688928
2552,no-further-action,Investigation complete; no suspect identified,theft-from-the-person,51.515225,-0.069709,1687574
2553,no-further-action,Investigation complete; no suspect identified,burglary,51.530992,-0.032522,1692612
2554,court-result-unavailable,Court result unavailable,vehicle-crime,51.527114,-0.063757,1688608
2555,no-further-action,Investigation complete; no suspect identified,theft-from-the-person,51.519161,-0.059165,1689073
2556,no-further-action,Investigation complete; no suspect identified,shoplifting,51.506877,-0.067324,1687936
2557,no-further-action,Investigation complete; no suspect identified,vehicle-crime,51.522815,-0.058245,1689238
2558,no-further-action,Investigation complete; no suspect identified,public-order,51.514742,-0.072148,1687260
2559,no-further-action,Investigation complete; no suspect identified,theft-from-the-person,51.508651,-0.026438,1693132
2560,no-further-action,Investigation complete; no suspect identified,vehicle-crime,51.529941,-0.062844,1688632
2561,no-further-action,Investigation complete; no suspect identified,vehicle-crime,51.499832,-0.018073,1694165
2562,no-further-action,Investigation complete; no suspect identified,theft-from-the-person,51.515237,-0.068786,1687651
2563,court-result-unavailable,Court result unavailable,violent-crime,51.504954,-0.019450,1694097
2564,no-further-action,Investigation complete; no suspect identified,other-theft,51.513640,-0.030070,1692829
2565,no-further-action,Investigation complete; no suspect identified,robbery,51.525166,-0.028347,1693017
2566,no-further-action,Investigation complete; no suspect identified,vehicle-crime,51.523216,-0.019855,1694001
2567,no-further-action,Investigation complete; no suspect identified,burglary,51.534337,-0.057322,1689464
2568,no-further-action,Investigation complete; no suspect identified,violent-crime,51.528538,-0.057959,1689447
2569,no-further-action,Investigation complete; no suspect identified,violent-crime,51.514955,-0.021092,1693808
2570,no-further-action,Investigation complete; no suspect identified,vehicle-crime,51.513540,-0.065644,1688175
2571,no-further-action,Investigation complete; no suspect identified,criminal-damage-arson,51.527629,-0.063865,1688445
2572,no-further-action,Investigation complete; no suspect identified,robbery,51.525153,-0.033451,1692517
2573,no-further-action,Investigation complete; no suspect identified,vehicle-crime,51.524189,-0.013599,1694736
2574,no-further-action,Investigation complete; no suspect identified,other-theft,51.518913,-0.057244,1689539
2575,no-further-action,Investigation complete; no suspect identified,bicycle-theft,51.526797,-0.058191,1689401
2576,no-further-action,Investigation complete; no suspect identified,other-theft,51.519161,-0.059165,1689073
2577,no-further-action,Investigation complete; no suspect identified,criminal-damage-arson,51.513207,-0.026803,1693078
2578,local-resolution,Local resolution,shoplifting,51.511719,-0.013205,1694734
2579,court-result-unavailable,Court result unavailable,violent-crime,51.533022,-0.063737,1688436
2580,no-further-action,Investigation complete; no suspect identified,violent-crime,51.514459,-0.070160,1687547
2581,no-further-action,Investigation complete; no suspect identified,criminal-damage-arson,51.519239,-0.041706,1691483
2582,no-further-action,Investigation complete; no suspect identified,criminal-damage-arson,51.515559,-0.052385,1690196
2583,no-further-action,Investigation complete; no suspect identified,violent-crime,51.525145,-0.042072,1691392
2584,no-further-action,Investigation complete; no suspect identified,theft-from-the-person,51.517037,-0.064530,1688401
2585,no-further-action,Investigation complete; no suspect identified,violent-crime,51.514506,-0.058801,1689319
2586,no-further-action,Investigation complete; no suspect identified,burglary,51.526641,-0.067579,1687962
2587,no-further-action,Investigation complete; no suspect identified,other-theft,51.515533,-0.049720,1690490
2588,no-further-action,Investigation complete; no suspect identified,other-theft,51.518934,-0.070489,1687361
2589,no-further-action,Investigation complete; no suspect identified,theft-from-the-person,51.505114,-0.020928,1693749
2590,no-further-action,Investigation complete; no suspect identified,other-theft,51.501547,-0.025405,1693421
2591,no-further-action,Investigation complete; no suspect identified,other-theft,51.519078,-0.061215,1688954
2592,no-further-action,Investigation complete; no suspect identified,other-theft,51.509133,-0.061248,1688928
2593,no-further-action,Investigation complete; no suspect identified,violent-crime,51.531036,-0.066575,1688022
2594,court-result-unavailable,Court result unavailable,drugs,51.527071,-0.046531,1690890
2595,no-further-action,Investigation complete; no suspect identified,vehicle-crime,51.524860,-0.029918,1692774
2596,no-further-action,Investigation complete; no suspect identified,violent-crime,51.491712,-0.022877,1693647
2597,no-further-action,Investigation complete; no suspect identified,robbery,51.503713,-0.017343,1694303
2598,no-further-action,Investigation complete; no suspect identified,vehicle-crime,51.519030,-0.011618,1694935
2599,no-further-action,Investigation complete; no suspect identified,robbery,51.527355,-0.024274,1693444
2600,no-further-action,Investigation complete; no suspect identified,violent-crime,51.495190,-0.007887,1695310
2601,no-further-action,Investigation complete; no suspect identified,criminal-damage-arson,51.510033,-0.062939,1688678
2602,no-further-action,Investigation complete; no suspect identified,violent-crime,51.527782,-0.050854,1690327
2603,no-further-action,Investigation complete; no suspect identified,vehicle-crime,51.524405,-0.022628,1693674
2604,no-further-action,Investigation complete; no suspect identified,robbery,51.516834,-0.070175,1687414
2605,no-further-action,Investigation complete; no suspect identified,vehicle-crime,51.535665,-0.032321,1692659
2606,no-further-action,Investigation complete; no suspect identified,shoplifting,51.527222,-0.055578,1689738
2607,no-further-action,Investigation complete; no suspect identified,robbery,51.497217,-0.012366,1694865
2608,no-further-action,Investigation complete; no suspect identified,burglary,51.534703,-0.055000,1689810
2609,no-further-action,Investigation complete; no suspect identified,public-order,51.509427,0.000991,1696028
2610,no-further-action,Investigation complete; no suspect identified,public-order,51.509427,0.000991,1696028
2611,no-further-action,Investigation complete; no suspect identified,vehicle-crime,51.510253,-0.055609,1689730
2612,no-further-action,Investigation complete; no suspect identified,violent-crime,51.501220,-0.021471,1693854
2613,no-further-action,Investigation complete; no suspect identified,violent-crime,51.514742,-0.072148,1687260
2614,no-further-action,Investigation complete; no suspect identified,theft-from-the-person,51.525060,-0.032720,1692549
2615,no-further-action,Investigation complete; no suspect identified,bicycle-theft,51.519161,-0.059165,1689073
2616,no-further-action,Investigation complete; no suspect identified,violent-crime,51.517656,-0.077563,1490935
2617,no-further-action,Investigation complete; no suspect identified,vehicle-crime,51.516899,-0.057229,1689371
2618,no-further-action,Investigation complete; no suspect identified,other-theft,51.491117,-0.018019,1694213
2619,no-further-action,Investigation complete; no suspect identified,theft-from-the-person,51.532995,-0.056673,1689635
2620,no-further-action,Investigation complete; no suspect identified,theft-from-the-person,51.520466,-0.073971,1686928
2621,court-result-unavailable,Court result unavailable,violent-crime,51.530317,-0.064947,1688303
2622,no-further-action,Investigation complete; no suspect identified,vehicle-crime,51.515741,-0.060607,1689023
2623,no-further-action,Investigation complete; no suspect identified,vehicle-crime,51.515741,-0.060607,1689023
2624,no-further-action,Investigation complete; no suspect identified,criminal-damage-arson,51.527486,-0.057210,1689528
2625,no-further-action,Investigation complete; no suspect identified,theft-from-the-person,51.512265,-0.039786,1691738
2626,no-further-action,Investigation complete; no suspect identified,violent-crime,51.512000,-0.033658,1692475
2627,penalty-notice-issued,Offender given penalty notice,drugs,51.516866,-0.066685,1688029
2628,no-further-action,Investigation complete; no suspect identified,violent-crime,51.518307,-0.074999,1686743
2629,no-further-action,Investigation complete; no suspect identified,other-theft,51.519193,-0.075603,1686584
2630,no-further-action,Investigation complete; no suspect identified,theft-from-the-person,51.524032,-0.071542,1687315
2631,no-further-action,Investigation complete; no suspect identified,other-theft,51.516866,-0.066685,1688029
2632,no-further-action,Investigation complete; no suspect identified,other-theft,51.522164,-0.046164,1691015
2633,no-further-action,Investigation complete; no suspect identified,violent-crime,51.524084,-0.032459,1692631
2634,no-further-action,Investigation complete; no suspect identified,shoplifting,51.514451,-0.028594,1692988
2635,no-further-action,Investigation complete; no suspect identified,violent-crime,51.508688,-0.012674,1694837
2636,no-further-action,Investigation complete; no suspect identified,public-order,51.517037,-0.064530,1688401
2637,no-further-action,Investigation complete; no suspect identified,shoplifting,51.527833,-0.021673,1693795
2638,no-further-action,Investigation complete; no suspect identified,shoplifting,51.527833,-0.021673,1693795
2639,no-further-action,Investigation complete; no suspect identified,bicycle-theft,51.526843,-0.059876,1689100
2640,no-further-action,Investigation complete; no suspect identified,vehicle-crime,51.515121,-0.072683,1687059
2641,no-further-action,Investigation complete; no suspect identified,other-theft,51.524415,-0.075159,1686688
2642,no-further-action,Investigation complete; no suspect identified,drugs,51.499395,-0.019360,1694094
2643,no-further-action,Investigation complete; no suspect identified,theft-from-the-person,51.520714,-0.072003,1687289
2644,no-further-action,Investigation complete; no suspect identified,theft-from-the-person,51.509083,-0.022211,1693675
2645,no-further-action,Investigation complete; no suspect identified,other-theft,51.515392,-0.004974,1695528
2646,no-further-action,Investigation complete; no suspect identified,violent-crime,51.526271,-0.020241,1693946
2647,no-further-action,Investigation complete; no suspect identified,violent-crime,51.505691,-0.028482,1693038
2648,no-further-action,Investigation complete; no suspect identified,other-theft,51.513647,-0.074330,1490955
2649,no-further-action,Investigation complete; no suspect identified,violent-crime,51.498093,-0.018941,1694048
2650,no-further-action,Investigation complete; no suspect identified,drugs,51.522203,-0.020590,1693815
2651,no-further-action,Investigation complete; no suspect identified,violent-crime,51.525793,-0.069234,1687693
2652,no-further-action,Investigation complete; no suspect identified,other-theft,51.514035,-0.047795,1690739
2653,no-further-action,Investigation complete; no suspect identified,theft-from-the-person,51.512988,-0.066561,1688106
2654,no-further-action,Investigation complete; no suspect identified,violent-crime,51.523880,-0.059613,1689024
2655,no-further-action,Investigation complete; no suspect identified,violent-crime,51.513473,-0.031375,1692581
2656,no-further-action,Investigation complete; no suspect identified,violent-crime,51.519711,-0.026407,1693293
2657,no-further-action,Investigation complete; no suspect identified,violent-crime,51.524556,-0.070035,1687561
2658,no-further-action,Investigation complete; no suspect identified,violent-crime,51.517132,-0.052837,1690103
2659,no-further-action,Investigation complete; no suspect identified,violent-crime,51.519119,-0.056615,1689543
2660,no-further-action,Investigation complete; no suspect identified,violent-crime,51.531858,-0.054775,1689802
2661,no-further-action,Investigation complete; no suspect identified,other-theft,51.522046,-0.075475,1686645
2662,no-further-action,Investigation complete; no suspect identified,other-theft,51.513145,-0.070100,1687562
2663,no-further-action,Investigation complete; no suspect identified,bicycle-theft,51.516866,-0.066685,1688029
2664,court-result-unavailable,Court result unavailable,violent-crime,51.517550,-0.024597,1693331
2665,unable-to-prosecute,Unable to prosecute suspect,violent-crime,51.519078,-0.061215,1688954
2666,no-further-action,Investigation complete; no suspect identified,burglary,51.528842,-0.039477,1691510
2667,no-further-action,Investigation complete; no suspect identified,violent-crime,51.530912,-0.037428,1692046
2668,no-further-action,Investigation complete; no suspect identified,other-theft,51.522945,-0.020847,1693745
2669,no-further-action,Investigation complete; no suspect identified,burglary,51.512310,-0.053273,1690091
2670,drugs-possession-warning,Offender given a drugs possession warning,drugs,51.513647,-0.074330,1490955
2671,no-further-action,Investigation complete; no suspect identified,burglary,51.518249,-0.068212,1687816
2672,no-further-action,Investigation complete; no suspect identified,other-theft,51.499207,-0.026327,1693273
2673,no-further-action,Investigation complete; no suspect identified,shoplifting,51.505114,-0.020928,1693749
2674,no-further-action,Investigation complete; no suspect identified,violent-crime,51.536510,-0.051736,1690211
2675,no-further-action,Investigation complete; no suspect identified,other-theft,51.527833,-0.021673,1693795
2676,no-further-action,Investigation complete; no suspect identified,shoplifting,51.516866,-0.066685,1688029
2677,no-further-action,Investigation complete; no suspect identified,other-theft,51.513207,-0.026803,1693078
2678,no-further-action,Investigation complete; no suspect identified,drugs,51.512472,-0.029631,1692843
2679,no-further-action,Investigation complete; no suspect identified,theft-from-the-person,51.510800,-0.060385,1689018
2680,no-further-action,Investigation complete; no suspect identified,other-theft,51.529862,-0.067346,1687992
2681,no-further-action,Investigation complete; no suspect identified,theft-from-the-person,51.519078,-0.061215,1688954
2682,no-further-action,Investigation complete; no suspect identified,violent-crime,51.502848,-0.009254,1695004
2683,no-further-action,Investigation complete; no suspect identified,violent-crime,51.502848,-0.009254,1695004
2684,no-further-action,Investigation complete; no suspect identified,violent-crime,51.540393,-0.021546,1693759
2685,court-result-unavailable,Court result unavailable,drugs,51.531997,-0.033488,1692410
2686,no-further-action,Investigation complete; no suspect identified,public-order,51.526883,-0.068308,1687768
2687,court-result-unavailable,Court result unavailable,drugs,51.528117,-0.053709,1689926
2688,no-further-action,Investigation complete; no suspect identified,violent-crime,51.528425,-0.027443,1693133
2689,no-further-action,Investigation complete; no suspect identified,other-theft,51.522543,-0.032266,1692610
2690,no-further-action,Investigation complete; no suspect identified,vehicle-crime,51.516381,-0.060753,1689025
2691,no-further-action,Investigation complete; no suspect identified,violent-crime,51.524433,-0.047408,1690843
2692,no-further-action,Investigation complete; no suspect identified,public-order,51.516059,-0.031667,1692700
2693,no-further-action,Investigation complete; no suspect identified,violent-crime,51.501220,-0.021471,1693854
2694,no-further-action,Investigation complete; no suspect identified,drugs,51.522569,-0.044576,1691124
2695,no-further-action,Investigation complete; no suspect identified,violent-crime,51.520539,-0.058760,1689312
2696,no-further-action,Investigation complete; no suspect identified,other-theft,51.496945,-0.021800,1693788
2697,no-further-action,Investigation complete; no suspect identified,violent-crime,51.509464,-0.026676,1693250
2698,no-further-action,Investigation complete; no suspect identified,robbery,51.496055,-0.014376,1694605
2699,no-further-action,Investigation complete; no suspect identified,other-theft,51.523953,-0.072728,1687112
2700,no-further-action,Investigation complete; no suspect identified,other-theft,51.510032,-0.043917,1691252
2701,court-result-unavailable,Court result unavailable,public-order,51.514498,-0.006858,1695425
2702,no-further-action,Investigation complete; no suspect identified,criminal-damage-arson,51.528782,-0.069467,1687714
2703,no-further-action,Investigation complete; no suspect identified,bicycle-theft,51.508008,-0.022993,1693470
2704,no-further-action,Investigation complete; no suspect identified,violent-crime,51.524929,-0.073566,1687022
2705,no-further-action,Investigation complete; no suspect identified,bicycle-theft,51.530514,-0.062142,1688820
2706,no-further-action,Investigation complete; no suspect identified,bicycle-theft,51.530514,-0.062142,1688820
2707,no-further-action,Investigation complete; no suspect identified,bicycle-theft,51.535624,-0.021378,1693791
2708,no-further-action,Investigation complete; no suspect identified,criminal-damage-arson,51.516558,-0.071440,1687374
2709,no-further-action,Investigation complete; no suspect identified,vehicle-crime,51.527898,-0.058433,1689322
2710,no-further-action,Investigation complete; no suspect identified,violent-crime,51.529671,-0.015509,1694354
2711,no-further-action,Investigation complete; no suspect identified,theft-from-the-person,51.517366,-0.073035,1687099
2712,no-further-action,Investigation complete; no suspect identified,violent-crime,51.533751,-0.034551,1692358
2713,no-further-action,Investigation complete; no suspect identified,violent-crime,51.514347,-0.055723,1689678
2714,no-further-action,Investigation complete; no suspect identified,criminal-damage-arson,51.520941,-0.022015,1693677
2715,no-further-action,Investigation complete; no suspect identified,criminal-damage-arson,51.525145,-0.042072,1691392
2716,no-further-action,Investigation complete; no suspect identified,violent-crime,51.502031,-0.026926,1692698
2717,no-further-action,Investigation complete; no suspect identified,public-order,51.525766,-0.065977,1688212
2718,no-further-action,Investigation complete; no suspect identified,burglary,51.522543,-0.032266,1692610
2719,no-further-action,Investigation complete; no suspect identified,theft-from-the-person,51.509133,-0.061248,1688928
2720,no-further-action,Investigation complete; no suspect identified,robbery,51.516834,-0.070175,1687414
2721,no-further-action,Investigation complete; no suspect identified,violent-crime,51.524855,-0.074549,1686856
2722,no-further-action,Investigation complete; no suspect identified,public-order,51.517040,-0.046240,1690982
2723,no-further-action,Investigation complete; no suspect identified,other-theft,51.497217,-0.012366,1694865
2724,no-further-action,Investigation complete; no suspect identified,other-theft,51.497217,-0.012366,1694865
2725,no-further-action,Investigation complete; no suspect identified,other-theft,51.512283,-0.018412,1694160
2726,no-further-action,Investigation complete; no suspect identified,violent-crime,51.515084,-0.019170,1694087
2727,no-further-action,Investigation complete; no suspect identified,violent-crime,51.532768,-0.030629,1692846
2728,no-further-action,Investigation complete; no suspect identified,violent-crime,51.510118,-0.012165,1694863
2729,court-result-unavailable,Court result unavailable,violent-crime,51.517382,-0.048430,1690614
2730,no-further-action,Investigation complete; no suspect identified,vehicle-crime,51.511580,-0.000802,1695868
2731,no-further-action,Investigation complete; no suspect identified,bicycle-theft,51.519161,-0.059165,1689073
2732,no-further-action,Investigation complete; no suspect identified,robbery,51.523751,-0.075778,1686629
2733,no-further-action,Investigation complete; no suspect identified,other-theft,51.501079,-0.024301,1693461
2734,no-further-action,Investigation complete; no suspect identified,other-theft,51.528233,-0.026225,1693207
2735,no-further-action,Investigation complete; no suspect identified,violent-crime,51.526883,-0.068308,1687768
2736,court-result-unavailable,Court result unavailable,drugs,51.520823,-0.045559,1691005
2737,no-further-action,Investigation complete; no suspect identified,burglary,51.512381,-0.042994,1691332
2738,no-further-action,Investigation complete; no suspect identified,criminal-damage-arson,51.518170,-0.063992,1688411
2739,no-further-action,Investigation complete; no suspect identified,theft-from-the-person,51.518898,-0.077078,1686429
2740,no-further-action,Investigation complete; no suspect identified,shoplifting,51.504623,-0.016299,1694351
2741,no-further-action,Investigation complete; no suspect identified,violent-crime,51.510129,-0.028233,1693094
2742,no-further-action,Investigation complete; no suspect identified,burglary,51.510032,-0.043917,1691252
2743,no-further-action,Investigation complete; no suspect identified,violent-crime,51.488664,-0.016555,1694255
2744,no-further-action,Investigation complete; no suspect identified,public-order,51.508109,-0.008736,1695101
2745,local-resolution,Local resolution,drugs,51.514817,-0.065143,1688334
2746,no-further-action,Investigation complete; no suspect identified,violent-crime,51.498530,-0.024066,1693456
2747,no-further-action,Investigation complete; no suspect identified,violent-crime,51.519597,-0.050224,1690485
2748,no-further-action,Investigation complete; no suspect identified,public-order,51.494253,-0.013619,1694668
2749,no-further-action,Investigation complete; no suspect identified,violent-crime,51.512330,-0.022791,1693492
2750,no-further-action,Investigation complete; no suspect identified,other-theft,51.519119,-0.056615,1689543
2751,no-further-action,Investigation complete; no suspect identified,burglary,51.518209,-0.067435,1687912
2752,no-further-action,Investigation complete; no suspect identified,burglary,51.518209,-0.067435,1687912
2753,no-further-action,Investigation complete; no suspect identified,criminal-damage-arson,51.520970,-0.018943,1694067
2754,no-further-action,Investigation complete; no suspect identified,burglary,51.530912,-0.037428,1692046
2755,court-result-unavailable,Court result unavailable,drugs,51.519078,-0.061215,1688954
2756,no-further-action,Investigation complete; no suspect identified,violent-crime,51.527487,-0.023576,1693597
2757,no-further-action,Investigation complete; no suspect identified,violent-crime,51.521632,-0.066656,1688071
2758,no-further-action,Investigation complete; no suspect identified,violent-crime,51.531798,-0.053350,1690064
2759,no-further-action,Investigation complete; no suspect identified,theft-from-the-person,51.524933,-0.035364,1692207
2760,no-further-action,Investigation complete; no suspect identified,public-order,51.520539,-0.058760,1689312
2761,no-further-action,Investigation complete; no suspect identified,bicycle-theft,51.516522,-0.019640,1694047
2762,no-further-action,Investigation complete; no suspect identified,burglary,51.509934,-0.067339,1687961
2763,no-further-action,Investigation complete; no suspect identified,other-theft,51.521966,-0.046649,1690951
2764,no-further-action,Investigation complete; no suspect identified,other-theft,51.517731,-0.070641,1687468
2765,no-further-action,Investigation complete; no suspect identified,other-theft,51.534485,-0.060286,1689080
2766,no-further-action,Investigation complete; no suspect identified,public-order,51.508688,-0.012674,1694837
2767,no-further-action,Investigation complete; no suspect identified,other-theft,51.519548,-0.057592,1689497
2768,no-further-action,Investigation complete; no suspect identified,other-theft,51.509133,-0.061248,1688928
2769,no-further-action,Investigation complete; no suspect identified,other-theft,51.528538,-0.057959,1689447
2770,no-further-action,Investigation complete; no suspect identified,criminal-damage-arson,51.507432,-0.068295,1687719
2771,no-further-action,Investigation complete; no suspect identified,robbery,51.519461,-0.054482,1689820
2772,no-further-action,Investigation complete; no suspect identified,violent-crime,51.504237,-0.065390,1688297
2773,no-further-action,Investigation complete; no suspect identified,violent-crime,51.532013,-0.030661,1692775
2774,no-further-action,Investigation complete; no suspect identified,other-theft,51.506170,-0.067527,1687998
2775,no-further-action,Investigation complete; no suspect identified,public-order,51.513251,-0.041242,1691576
2776,no-further-action,Investigation complete; no suspect identified,violent-crime,51.516679,-0.072257,1687165
2777,no-further-action,Investigation complete; no suspect identified,other-theft,51.518704,-0.065267,1688301
2778,no-further-action,Investigation complete; no suspect identified,criminal-damage-arson,51.511081,-0.029792,1692897
2779,no-further-action,Investigation complete; no suspect identified,robbery,51.518241,-0.062822,1688611
2780,no-further-action,Investigation complete; no suspect identified,burglary,51.527225,-0.060148,1689125
2781,no-further-action,Investigation complete; no suspect identified,other-theft,51.519119,-0.056615,1689543
2782,no-further-action,Investigation complete; no suspect identified,other-theft,51.505066,-0.017558,1694219
2783,no-further-action,Investigation complete; no suspect identified,theft-from-the-person,51.519193,-0.075603,1686584
2784,no-further-action,Investigation complete; no suspect identified,violent-crime,51.496945,-0.021800,1693788
2785,no-further-action,Investigation complete; no suspect identified,violent-crime,51.514280,-0.054962,1689826
2786,no-further-action,Investigation complete; no suspect identified,violent-crime,51.525145,-0.042072,1691392
2787,no-further-action,Investigation complete; no suspect identified,violent-crime,51.523196,-0.051411,1690282
2788,no-further-action,Investigation complete; no suspect identified,violent-crime,51.518768,-0.053906,1689923
2789,no-further-action,Investigation complete; no suspect identified,burglary,51.530471,-0.054157,1689817
2790,no-further-action,Investigation complete; no suspect identified,criminal-damage-arson,51.506314,-0.014809,1694512
2791,no-further-action,Investigation complete; no suspect identified,vehicle-crime,51.527316,-0.046636,1690898
2792,no-further-action,Investigation complete; no suspect identified,burglary,51.513898,-0.010199,1695000
2793,no-further-action,Investigation complete; no suspect identified,other-theft,51.504540,-0.018892,1694065
2794,no-further-action,Investigation complete; no suspect identified,violent-crime,51.523324,-0.057489,1689475
2795,no-further-action,Investigation complete; no suspect identified,criminal-damage-arson,51.524855,-0.074549,1686856
2796,no-further-action,Investigation complete; no suspect identified,burglary,51.526016,-0.026451,1693191
2797,no-further-action,Investigation complete; no suspect identified,violent-crime,51.513567,-0.061319,1688907
2798,no-further-action,Investigation complete; no suspect identified,violent-crime,51.536301,-0.031140,1692733
2799,no-further-action,Investigation complete; no suspect identified,violent-crime,51.504558,-0.033344,1692349
2800,no-further-action,Investigation complete; no suspect identified,other-theft,51.498989,-0.019824,1693940
2801,no-further-action,Investigation complete; no suspect identified,other-theft,51.522802,-0.031044,1692752
2802,no-further-action,Investigation complete; no suspect identified,other-theft,51.536450,-0.027153,1693170
2803,no-further-action,Investigation complete; no suspect identified,robbery,51.515237,-0.068786,1687651
2804,no-further-action,Investigation complete; no suspect identified,theft-from-the-person,51.525145,-0.042072,1691392
2805,no-further-action,Investigation complete; no suspect identified,violent-crime,51.492724,-0.025844,1693371
2806,no-further-action,Investigation complete; no suspect identified,violent-crime,51.525876,-0.046006,1691031
2807,no-further-action,Investigation complete; no suspect identified,drugs,51.514128,-0.053354,1689918
2808,no-further-action,Investigation complete; no suspect identified,vehicle-crime,51.519623,-0.043131,1691309
2809,no-further-action,Investigation complete; no suspect identified,violent-crime,51.519009,-0.037608,1692035
2810,no-further-action,Investigation complete; no suspect identified,public-order,51.524704,-0.062634,1688747
2811,no-further-action,Investigation complete; no suspect identified,violent-crime,51.513982,-0.062469,1688782
2812,no-further-action,Investigation complete; no suspect identified,other-theft,51.523324,-0.057489,1689475
2813,no-further-action,Investigation complete; no suspect identified,violent-crime,51.489206,-0.008191,1695182
2814,no-further-action,Investigation complete; no suspect identified,robbery,51.527833,-0.021673,1693795
2815,no-further-action,Investigation complete; no suspect identified,other-theft,51.518907,-0.077597,1686345
2816,no-further-action,Investigation complete; no suspect identified,theft-from-the-person,51.510330,-0.046700,1690922
2817,no-further-action,Investigation complete; no suspect identified,violent-crime,51.514102,-0.011631,1694840
2818,no-further-action,Investigation complete; no suspect identified,burglary,51.532759,-0.059278,1689207
2819,no-further-action,Investigation complete; no suspect identified,other-theft,51.513640,-0.030070,1692829
2820,no-further-action,Investigation complete; no suspect identified,shoplifting,51.504954,-0.019450,1694097
2821,court-result-unavailable,Court result unavailable,violent-crime,51.528117,-0.053709,1689926
2822,no-further-action,Investigation complete; no suspect identified,vehicle-crime,51.500528,-0.023086,1693599
2823,no-further-action,Investigation complete; no suspect identified,burglary,51.521516,-0.010270,1695116
2824,court-result-unavailable,Court result unavailable,violent-crime,51.504305,-0.007130,1695369
2825,no-further-action,Investigation complete; no suspect identified,violent-crime,51.528467,-0.051517,1690315
2826,no-further-action,Investigation complete; no suspect identified,other-theft,51.519548,-0.057592,1689497
2827,no-further-action,Investigation complete; no suspect identified,violent-crime,51.533022,-0.063737,1688436
2828,no-further-action,Investigation complete; no suspect identified,violent-crime,51.533022,-0.063737,1688436
2829,no-further-action,Investigation complete; no suspect identified,burglary,51.524860,-0.029918,1692774
2830,no-further-action,Investigation complete; no suspect identified,theft-from-the-person,51.522136,-0.063983,1688447
2831,no-further-action,Investigation complete; no suspect identified,other-theft,51.496945,-0.021800,1693788
2832,no-further-action,Investigation complete; no suspect identified,vehicle-crime,51.508540,-0.015101,1694413
2833,no-further-action,Investigation complete; no suspect identified,burglary,51.525246,-0.029353,1692966
2834,unable-to-prosecute,Unable to prosecute suspect,violent-crime,51.513542,-0.073456,1490961
2835,no-further-action,Investigation complete; no suspect identified,burglary,51.513377,-0.019272,1693982
2836,no-further-action,Investigation complete; no suspect identified,violent-crime,51.512007,-0.047521,1690796
2837,no-further-action,Investigation complete; no suspect identified,public-order,51.518249,-0.068212,1687816
2838,no-further-action,Investigation complete; no suspect identified,vehicle-crime,51.519869,-0.062291,1688816
2839,no-further-action,Investigation complete; no suspect identified,theft-from-the-person,51.516942,-0.073485,1687007
2840,no-further-action,Investigation complete; no suspect identified,vehicle-crime,51.513509,-0.040482,1691668
2841,no-further-action,Investigation complete; no suspect identified,violent-crime,51.505114,-0.020928,1693749
2842,no-further-action,Investigation complete; no suspect identified,vehicle-crime,51.514817,-0.065143,1688334
2843,no-further-action,Investigation complete; no suspect identified,vehicle-crime,51.523962,-0.064006,1688530
2844,no-further-action,Investigation complete; no suspect identified,vehicle-crime,51.530945,-0.062109,1688900
2845,no-further-action,Investigation complete; no suspect identified,shoplifting,51.496945,-0.021800,1693788
2846,no-further-action,Investigation complete; no suspect identified,robbery,51.541747,-0.025540,1693391
2847,no-further-action,Investigation complete; no suspect identified,violent-crime,51.509487,-0.023779,1693532
2848,no-further-action,Investigation complete; no suspect identified,drugs,51.528735,-0.034162,1692401
2849,no-further-action,Investigation complete; no suspect identified,violent-crime,51.533751,-0.034551,1692358
2850,no-further-action,Investigation complete; no suspect identified,other-theft,51.516834,-0.070175,1687414
2851,no-further-action,Investigation complete; no suspect identified,violent-crime,51.516982,-0.064979,1688365
2852,no-further-action,Investigation complete; no suspect identified,vehicle-crime,51.515307,-0.047481,1690873
2853,no-further-action,Investigation complete; no suspect identified,shoplifting,51.519052,-0.076567,1686514
2854,no-further-action,Investigation complete; no suspect identified,burglary,51.525059,-0.019847,1693975
2855,no-further-action,Investigation complete; no suspect identified,shoplifting,51.521124,-0.074591,1686837
2856,no-further-action,Investigation complete; no suspect identified,burglary,51.520154,-0.017450,1694254
2857,no-further-action,Investigation complete; no suspect identified,shoplifting,51.516866,-0.066685,1688029
2858,no-further-action,Investigation complete; no suspect identified,other-theft,51.519711,-0.026407,1693293
2859,no-further-action,Investigation complete; no suspect identified,burglary,51.496945,-0.021800,1693788
2860,no-further-action,Investigation complete; no suspect identified,other-theft,51.529671,-0.015509,1694354
2861,no-further-action,Investigation complete; no suspect identified,violent-crime,51.507178,-0.039413,1691709
2862,no-further-action,Investigation complete; no suspect identified,vehicle-crime,51.531585,-0.035207,1692329
2863,no-further-action,Investigation complete; no suspect identified,public-order,51.513911,-0.003035,1695784
2864,no-further-action,Investigation complete; no suspect identified,criminal-damage-arson,51.536221,-0.026385,1693257
2865,no-further-action,Investigation complete; no suspect identified,violent-crime,51.508673,-0.026149,1693325
2866,no-further-action,Investigation complete; no suspect identified,violent-crime,51.519783,-0.073423,1687045
2867,no-further-action,Investigation complete; no suspect identified,other-theft,51.513647,-0.074330,1490955
2868,no-further-action,Investigation complete; no suspect identified,vehicle-crime,51.511217,-0.063869,1688336
2869,no-further-action,Investigation complete; no suspect identified,violent-crime,51.520069,-0.049959,1690518
2870,no-further-action,Investigation complete; no suspect identified,public-order,51.540393,-0.021546,1693759
2871,no-further-action,Investigation complete; no suspect identified,public-order,51.496945,-0.021800,1693788
2872,no-further-action,Investigation complete; no suspect identified,other-theft,51.508488,-0.001947,1695874
2873,no-further-action,Investigation complete; no suspect identified,violent-crime,51.511753,-0.055473,1689758
2874,no-further-action,Investigation complete; no suspect identified,public-order,51.529038,-0.042035,1691422
2875,no-further-action,Investigation complete; no suspect identified,violent-crime,51.505222,-0.006585,1695431
2876,no-further-action,Investigation complete; no suspect identified,shoplifting,51.527833,-0.021673,1693795
2877,no-further-action,Investigation complete; no suspect identified,theft-from-the-person,51.520222,-0.075566,1686717
2878,no-further-action,Investigation complete; no suspect identified,other-theft,51.515973,-0.063278,1688695
2879,no-further-action,Investigation complete; no suspect identified,shoplifting,51.504623,-0.016299,1694351
2880,no-further-action,Investigation complete; no suspect identified,violent-crime,51.521432,-0.042707,1691376
2881,no-further-action,Investigation complete; no suspect identified,vehicle-crime,51.513903,-0.057716,1689383
2882,no-further-action,Investigation complete; no suspect identified,violent-crime,51.525145,-0.042072,1691392
2883,no-further-action,Investigation complete; no suspect identified,violent-crime,51.518222,-0.025563,1693260
2884,no-further-action,Investigation complete; no suspect identified,violent-crime,51.514799,-0.063515,1688671
2885,no-further-action,Investigation complete; no suspect identified,criminal-damage-arson,51.512683,-0.042174,1691418
2886,no-further-action,Investigation complete; no suspect identified,theft-from-the-person,51.524480,-0.074162,1686922
2887,no-further-action,Investigation complete; no suspect identified,robbery,51.524480,-0.074162,1686922
2888,no-further-action,Investigation complete; no suspect identified,other-crime,51.539282,-0.024983,1693370
2889,no-further-action,Investigation complete; no suspect identified,violent-crime,51.534544,-0.062216,1688860
2890,no-further-action,Investigation complete; no suspect identified,vehicle-crime,51.521632,-0.066656,1688071
2891,penalty-notice-issued,Offender given penalty notice,drugs,51.515926,-0.046849,1690879
2892,penalty-notice-issued,Offender given penalty notice,drugs,51.515926,-0.046849,1690879
2893,court-result-unavailable,Court result unavailable,burglary,51.494253,-0.013619,1694668
2894,no-further-action,Investigation complete; no suspect identified,burglary,51.504937,-0.019523,1693948
2895,no-further-action,Investigation complete; no suspect identified,other-theft,51.519884,-0.061022,1688920
2896,no-further-action,Investigation complete; no suspect identified,violent-crime,51.518241,-0.062822,1688611
2897,no-further-action,Investigation complete; no suspect identified,robbery,51.515237,-0.068786,1687651
2898,no-further-action,Investigation complete; no suspect identified,public-order,51.527898,-0.058433,1689322
2899,no-further-action,Investigation complete; no suspect identified,other-theft,51.514762,-0.062335,1688765
2900,no-further-action,Investigation complete; no suspect identified,violent-crime,51.502848,-0.009254,1695004
2901,no-further-action,Investigation complete; no suspect identified,violent-crime,51.523768,-0.016861,1694301
2902,no-further-action,Investigation complete; no suspect identified,violent-crime,51.511580,-0.000802,1695868
2903,no-further-action,Investigation complete; no suspect identified,bicycle-theft,51.520539,-0.058760,1689312
2904,no-further-action,Investigation complete; no suspect identified,robbery,51.521245,-0.052517,1690150
2905,no-further-action,Investigation complete; no suspect identified,criminal-damage-arson,51.514531,-0.059765,1689146
2906,no-further-action,Investigation complete; no suspect identified,theft-from-the-person,51.521814,-0.059729,1689020
2907,no-further-action,Investigation complete; no suspect identified,theft-from-the-person,51.521814,-0.059729,1689020
2908,no-further-action,Investigation complete; no suspect identified,violent-crime,51.526318,-0.013463,1694675
2909,no-further-action,Investigation complete; no suspect identified,violent-crime,51.516909,-0.024985,1693436
2910,no-further-action,Investigation complete; no suspect identified,violent-crime,51.515862,-0.038694,1691873
2911,no-further-action,Investigation complete; no suspect identified,violent-crime,51.515425,-0.034087,1692386
2912,no-further-action,Investigation complete; no suspect identified,criminal-damage-arson,51.499832,-0.018073,1694165
2913,no-further-action,Investigation complete; no suspect identified,violent-crime,51.515636,-0.074448,1686920
2914,no-further-action,Investigation complete; no suspect identified,robbery,51.520981,-0.055585,1689670
2915,no-further-action,Investigation complete; no suspect identified,violent-crime,51.525059,-0.019847,1693975
2916,no-further-action,Investigation complete; no suspect identified,theft-from-the-person,51.503073,-0.018600,1693936
2917,no-further-action,Investigation complete; no suspect identified,vehicle-crime,51.530320,-0.049939,1690453
2918,no-further-action,Investigation complete; no suspect identified,violent-crime,51.526318,-0.013463,1694675
2919,no-further-action,Investigation complete; no suspect identified,violent-crime,51.525145,-0.042072,1691392
2920,no-further-action,Investigation complete; no suspect identified,bicycle-theft,51.526733,-0.022066,1693734
2921,no-further-action,Investigation complete; no suspect identified,robbery,51.515826,-0.072869,1687093
2922,no-further-action,Investigation complete; no suspect identified,other-theft,51.524415,-0.075159,1686688
2923,no-further-action,Investigation complete; no suspect identified,violent-crime,51.527487,-0.023576,1693597
2924,no-further-action,Investigation complete; no suspect identified,burglary,51.530514,-0.062142,1688820
2925,no-further-action,Investigation complete; no suspect identified,other-theft,51.517777,-0.037070,1692064
2926,no-further-action,Investigation complete; no suspect identified,violent-crime,51.522550,-0.039618,1691756
2927,no-further-action,Investigation complete; no suspect identified,violent-crime,51.505114,-0.020928,1693749
2928,no-further-action,Investigation complete; no suspect identified,public-order,51.517217,-0.058527,1689305
2929,no-further-action,Investigation complete; no suspect identified,other-theft,51.534485,-0.060286,1689080
2930,no-further-action,Investigation complete; no suspect identified,burglary,51.534485,-0.060286,1689080
2931,no-further-action,Investigation complete; no suspect identified,burglary,51.539846,-0.028535,1692800
2932,no-further-action,Investigation complete; no suspect identified,bicycle-theft,51.520466,-0.073971,1686928
2933,no-further-action,Investigation complete; no suspect identified,bicycle-theft,51.524032,-0.071542,1687315
2934,no-further-action,Investigation complete; no suspect identified,burglary,51.513462,-0.071326,1687332
2935,no-further-action,Investigation complete; no suspect identified,other-theft,51.513540,-0.065644,1688175
2936,no-further-action,Investigation complete; no suspect identified,shoplifting,51.514451,-0.028594,1692988
2937,no-further-action,Investigation complete; no suspect identified,shoplifting,51.523581,-0.073104,1686961
2938,court-result-unavailable,Court result unavailable,public-order,51.508493,-0.006990,1695430
2939,no-further-action,Investigation complete; no suspect identified,violent-crime,51.513542,-0.073456,1490961
2940,no-further-action,Investigation complete; no suspect identified,vehicle-crime,51.508488,-0.001947,1695874
2941,no-further-action,Investigation complete; no suspect identified,violent-crime,51.513783,-0.067839,1687855
2942,no-further-action,Investigation complete; no suspect identified,burglary,51.509427,0.000991,1696028
2943,no-further-action,Investigation complete; no suspect identified,burglary,51.510122,-0.035324,1692264
2944,no-further-action,Investigation complete; no suspect identified,public-order,51.496945,-0.021800,1693788
2945,no-further-action,Investigation complete; no suspect identified,theft-from-the-person,51.523131,-0.054008,1689912
2946,no-further-action,Investigation complete; no suspect identified,other-theft,51.515178,-0.076716,1490945
2947,no-further-action,Investigation complete; no suspect identified,violent-crime,51.533098,-0.022468,1693714
2948,no-further-action,Investigation complete; no suspect identified,burglary,51.512201,-0.045135,1691112
2949,penalty-notice-issued,Offender given penalty notice,drugs,51.516010,-0.067644,1687818
2950,no-further-action,Investigation complete; no suspect identified,violent-crime,51.526797,-0.058191,1689401
2951,no-further-action,Investigation complete; no suspect identified,violent-crime,51.525388,-0.013749,1694677
2952,no-further-action,Investigation complete; no suspect identified,violent-crime,51.512249,-0.040464,1691625
2953,no-further-action,Investigation complete; no suspect identified,other-theft,51.520222,-0.075566,1686717
2954,no-further-action,Investigation complete; no suspect identified,other-theft,51.524594,-0.037108,1691972
2955,no-further-action,Investigation complete; no suspect identified,robbery,51.506463,-0.071708,1686673
2956,no-further-action,Investigation complete; no suspect identified,robbery,51.533676,-0.062469,1688649
2957,no-further-action,Investigation complete; no suspect identified,public-order,51.518821,-0.062552,1688754
2958,no-further-action,Investigation complete; no suspect identified,other-theft,51.503713,-0.017343,1694303
2959,no-further-action,Investigation complete; no suspect identified,public-order,51.516841,-0.065205,1688354
2960,no-further-action,Investigation complete; no suspect identified,violent-crime,51.509133,-0.061248,1688928
2961,no-further-action,Investigation complete; no suspect identified,theft-from-the-person,51.512774,-0.029373,1692964
2962,no-further-action,Investigation complete; no suspect identified,vehicle-crime,51.508692,-0.020369,1693865
2963,no-further-action,Investigation complete; no suspect identified,other-theft,51.498157,-0.025911,1693361
2964,no-further-action,Investigation complete; no suspect identified,public-order,51.519078,-0.061215,1688954
2965,no-further-action,Investigation complete; no suspect identified,burglary,51.532351,-0.022428,1693659
2966,no-further-action,Investigation complete; no suspect identified,other-theft,51.510033,-0.062939,1688678
2967,no-further-action,Investigation complete; no suspect identified,public-order,51.513245,-0.038187,1691870
2968,no-further-action,Investigation complete; no suspect identified,violent-crime,51.532021,-0.059771,1689124
2969,no-further-action,Investigation complete; no suspect identified,violent-crime,51.532021,-0.059771,1689124
2970,no-further-action,Investigation complete; no suspect identified,violent-crime,51.532021,-0.059771,1689124
2971,no-further-action,Investigation complete; no suspect identified,public-order,51.519376,-0.019300,1694062
2972,no-further-action,Investigation complete; no suspect identified,other-theft,51.516834,-0.070175,1687414
2973,no-further-action,Investigation complete; no suspect identified,robbery,51.527340,-0.058889,1689163
2974,no-further-action,Investigation complete; no suspect identified,robbery,51.513893,-0.070746,1687378
2975,no-further-action,Investigation complete; no suspect identified,criminal-damage-arson,51.521582,-0.050053,1690502
2976,no-further-action,Investigation complete; no suspect identified,criminal-damage-arson,51.521582,-0.050053,1690502
2977,no-further-action,Investigation complete; no suspect identified,shoplifting,51.502848,-0.009254,1695004
2978,no-further-action,Investigation complete; no suspect identified,violent-crime,51.525145,-0.042072,1691392
2979,no-further-action,Investigation complete; no suspect identified,vehicle-crime,51.512187,-0.048609,1690703
2980,no-further-action,Investigation complete; no suspect identified,other-theft,51.519078,-0.061215,1688954
2981,no-further-action,Investigation complete; no suspect identified,public-order,51.527355,-0.024274,1693444
2982,no-further-action,Investigation complete; no suspect identified,criminal-damage-arson,51.506214,-0.059859,1689132
2983,no-further-action,Investigation complete; no suspect identified,public-order,51.519168,-0.063979,1688395
2984,no-further-action,Investigation complete; no suspect identified,vehicle-crime,51.498093,-0.018941,1694048
2985,no-further-action,Investigation complete; no suspect identified,violent-crime,51.525429,-0.055914,1689681
2986,no-further-action,Investigation complete; no suspect identified,drugs,51.525145,-0.042072,1691392
2987,no-further-action,Investigation complete; no suspect identified,burglary,51.528842,-0.039477,1691510
2988,no-further-action,Investigation complete; no suspect identified,violent-crime,51.530320,-0.049939,1690453
2989,no-further-action,Investigation complete; no suspect identified,violent-crime,51.530320,-0.049939,1690453
2990,no-further-action,Investigation complete; no suspect identified,violent-crime,51.530320,-0.049939,1690453
2991,no-further-action,Investigation complete; no suspect identified,burglary,51.505712,-0.069765,1687602
2992,no-further-action,Investigation complete; no suspect identified,theft-from-the-person,51.525060,-0.032720,1692549
2993,no-further-action,Investigation complete; no suspect identified,robbery,51.509133,-0.061248,1688928
2994,no-further-action,Investigation complete; no suspect identified,robbery,51.524933,-0.035364,1692207
2995,no-further-action,Investigation complete; no suspect identified,burglary,51.534485,-0.060286,1689080
2996,no-further-action,Investigation complete; no suspect identified,burglary,51.534485,-0.060286,1689080
2997,no-further-action,Investigation complete; no suspect identified,vehicle-crime,51.526338,-0.065765,1688275
2998,no-further-action,Investigation complete; no suspect identified,other-theft,51.519831,-0.035699,1692075
2999,no-further-action,Investigation complete; no suspect identified,violent-crime,51.514474,-0.042818,1691365
3000,no-further-action,Investigation complete; no suspect identified,violent-crime,51.492724,-0.025844,1693371
3001,no-further-action,Investigation complete; no suspect identified,violent-crime,51.492724,-0.025844,1693371
3002,no-further-action,Investigation complete; no suspect identified,violent-crime,51.509083,-0.022211,1693675
3003,no-further-action,Investigation complete; no suspect identified,bicycle-theft,51.525576,-0.071391,1687387
3004,no-further-action,Investigation complete; no suspect identified,theft-from-the-person,51.527877,-0.057136,1689520
3005,no-further-action,Investigation complete; no suspect identified,criminal-damage-arson,51.512562,-0.021614,1693814
3006,no-further-action,Investigation complete; no suspect identified,other-crime,51.518170,-0.063992,1688411
3007,no-further-action,Investigation complete; no suspect identified,burglary,51.496237,-0.016630,1694241
3008,no-further-action,Investigation complete; no suspect identified,violent-crime,51.532021,-0.059771,1689124
3009,no-further-action,Investigation complete; no suspect identified,violent-crime,51.532021,-0.059771,1689124
3010,no-further-action,Investigation complete; no suspect identified,violent-crime,51.532021,-0.059771,1689124
3011,no-further-action,Investigation complete; no suspect identified,violent-crime,51.516834,-0.070175,1687414
3012,no-further-action,Investigation complete; no suspect identified,other-theft,51.529103,-0.061683,1688766
3013,no-further-action,Investigation complete; no suspect identified,vehicle-crime,51.507120,-0.052644,1690129
3014,no-further-action,Investigation complete; no suspect identified,other-theft,51.534544,-0.062216,1688860
3015,no-further-action,Investigation complete; no suspect identified,violent-crime,51.525133,-0.046254,1690986
3016,no-further-action,Investigation complete; no suspect identified,other-theft,51.521124,-0.074591,1686837
3017,no-further-action,Investigation complete; no suspect identified,shoplifting,51.505114,-0.020928,1693749
3018,no-further-action,Investigation complete; no suspect identified,criminal-damage-arson,51.509188,-0.005043,1695616
3019,no-further-action,Investigation complete; no suspect identified,other-theft,51.524424,-0.036597,1692129
3020,no-further-action,Investigation complete; no suspect identified,violent-crime,51.526279,-0.052966,1689892
3021,no-further-action,Investigation complete; no suspect identified,violent-crime,51.513005,-0.033513,1692429
3022,no-further-action,Investigation complete; no suspect identified,violent-crime,51.528410,-0.049703,1690498
3023,no-further-action,Investigation complete; no suspect identified,violent-crime,51.518735,-0.057886,1689435
3024,penalty-notice-issued,Offender given penalty notice,drugs,51.521308,-0.046576,1690975
3025,no-further-action,Investigation complete; no suspect identified,criminal-damage-arson,51.529116,-0.045088,1691002
3026,no-further-action,Investigation complete; no suspect identified,violent-crime,51.517037,-0.064530,1688401
3027,no-further-action,Investigation complete; no suspect identified,burglary,51.509306,-0.064656,1688469
3028,no-further-action,Investigation complete; no suspect identified,other-theft,51.524929,-0.073566,1687022
3029,no-further-action,Investigation complete; no suspect identified,violent-crime,51.512609,-0.057238,1689488
3030,no-further-action,Investigation complete; no suspect identified,criminal-damage-arson,51.516066,-0.041741,1691439
3031,local-resolution,Local resolution,drugs,51.513660,-0.043603,1691284
3032,no-further-action,Investigation complete; no suspect identified,theft-from-the-person,51.519783,-0.073423,1687045
3033,no-further-action,Investigation complete; no suspect identified,vehicle-crime,51.530461,-0.019136,1693910
3034,no-further-action,Investigation complete; no suspect identified,burglary,51.498000,-0.020890,1693879
3035,no-further-action,Investigation complete; no suspect identified,possession-of-weapons,51.498093,-0.018941,1694048
3036,court-result-unavailable,Court result unavailable,violent-crime,51.526843,-0.059876,1689100
3037,no-further-action,Investigation complete; no suspect identified,other-theft,51.522164,-0.046164,1691015
3038,local-resolution,Local resolution,drugs,51.526338,-0.065765,1688275
3039,no-further-action,Investigation complete; no suspect identified,other-theft,51.520979,-0.062504,1688753
3040,no-further-action,Investigation complete; no suspect identified,robbery,51.500330,-0.017778,1694224
3041,no-further-action,Investigation complete; no suspect identified,robbery,51.527225,-0.060148,1689125
3042,no-further-action,Investigation complete; no suspect identified,theft-from-the-person,51.522003,-0.071758,1687303
3043,no-further-action,Investigation complete; no suspect identified,criminal-damage-arson,51.536221,-0.026385,1693257
3044,no-further-action,Investigation complete; no suspect identified,violent-crime,51.520222,-0.035300,1692309
3045,no-further-action,Investigation complete; no suspect identified,other-theft,51.529187,-0.066192,1688118
3046,no-further-action,Investigation complete; no suspect identified,burglary,51.523953,-0.072728,1687112
3047,no-further-action,Investigation complete; no suspect identified,burglary,51.510869,-0.008702,1695251
3048,no-further-action,Investigation complete; no suspect identified,criminal-damage-arson,51.526024,-0.063616,1688614
3049,no-further-action,Investigation complete; no suspect identified,drugs,51.510507,-0.070442,1687453
3050,no-further-action,Investigation complete; no suspect identified,theft-from-the-person,51.524860,-0.029918,1692774
3051,no-further-action,Investigation complete; no suspect identified,criminal-damage-arson,51.524085,-0.050263,1690397
3052,no-further-action,Investigation complete; no suspect identified,shoplifting,51.519931,-0.074881,1686748
3053,no-further-action,Investigation complete; no suspect identified,criminal-damage-arson,51.512093,-0.034345,1692391
3054,no-further-action,Investigation complete; no suspect identified,other-theft,51.520539,-0.058760,1689312
3055,no-further-action,Investigation complete; no suspect identified,theft-from-the-person,51.522003,-0.071758,1687303
3056,no-further-action,Investigation complete; no suspect identified,other-theft,51.522582,-0.070840,1687370
3057,no-further-action,Investigation complete; no suspect identified,other-theft,51.525145,-0.042072,1691392
3058,no-further-action,Investigation complete; no suspect identified,other-theft,51.528179,-0.048790,1690529
3059,no-further-action,Investigation complete; no suspect identified,violent-crime,51.510687,-0.047607,1690754
3060,no-further-action,Investigation complete; no suspect identified,other-theft,51.513647,-0.074330,1490955
3061,no-further-action,Investigation complete; no suspect identified,violent-crime,51.514432,-0.059222,1689185
3062,no-further-action,Investigation complete; no suspect identified,possession-of-weapons,51.524189,-0.013599,1694736
3063,no-further-action,Investigation complete; no suspect identified,vehicle-crime,51.528361,-0.023654,1693390
3064,court-result-unavailable,Court result unavailable,criminal-damage-arson,51.511965,-0.075453,1490950
3065,no-further-action,Investigation complete; no suspect identified,violent-crime,51.504540,-0.018892,1694065
3066,no-further-action,Investigation complete; no suspect identified,violent-crime,51.504540,-0.018892,1694065
3067,no-further-action,Investigation complete; no suspect identified,violent-crime,51.511125,-0.031332,1692636
3068,no-further-action,Investigation complete; no suspect identified,public-order,51.528076,-0.052341,1690206
3069,no-further-action,Investigation complete; no suspect identified,burglary,51.522042,-0.050186,1690349
3070,no-further-action,Investigation complete; no suspect identified,violent-crime,51.530288,-0.026468,1693202
3071,no-further-action,Investigation complete; no suspect identified,vehicle-crime,51.520941,-0.022015,1693677
3072,no-further-action,Investigation complete; no suspect identified,other-theft,51.509133,-0.061248,1688928
3073,no-further-action,Investigation complete; no suspect identified,drugs,51.501220,-0.021471,1693854
3074,no-further-action,Investigation complete; no suspect identified,vehicle-crime,51.509440,-0.014615,1694616
3075,court-result-unavailable,Court result unavailable,robbery,51.523839,-0.059283,1689249
3076,no-further-action,Investigation complete; no suspect identified,violent-crime,51.489757,-0.020008,1693943
3077,no-further-action,Investigation complete; no suspect identified,shoplifting,51.533273,-0.029122,1692949
3078,no-further-action,Investigation complete; no suspect identified,violent-crime,51.533693,-0.025239,1693298
3079,no-further-action,Investigation complete; no suspect identified,vehicle-crime,51.504558,-0.033344,1692349
3080,no-further-action,Investigation complete; no suspect identified,public-order,51.527225,-0.060148,1689125
3081,no-further-action,Investigation complete; no suspect identified,robbery,51.518209,-0.067435,1687912
3082,no-further-action,Investigation complete; no suspect identified,theft-from-the-person,51.514506,-0.058801,1689319
3083,no-further-action,Investigation complete; no suspect identified,vehicle-crime,51.515911,-0.064405,1688313
3084,no-further-action,Investigation complete; no suspect identified,other-theft,51.519161,-0.059165,1689073
3085,no-further-action,Investigation complete; no suspect identified,vehicle-crime,51.499207,-0.026327,1693273
3086,no-further-action,Investigation complete; no suspect identified,robbery,51.510616,-0.026728,1693102
3087,no-further-action,Investigation complete; no suspect identified,violent-crime,51.528117,-0.053709,1689926
3088,no-further-action,Investigation complete; no suspect identified,bicycle-theft,51.525434,-0.072002,1687150
3089,no-further-action,Investigation complete; no suspect identified,violent-crime,51.532759,-0.059278,1689207
3090,no-further-action,Investigation complete; no suspect identified,violent-crime,51.532759,-0.059278,1689207
3091,no-further-action,Investigation complete; no suspect identified,violent-crime,51.532759,-0.059278,1689207
3092,court-result-unavailable,Court result unavailable,robbery,51.513926,-0.045566,1691009
3093,no-further-action,Investigation complete; no suspect identified,drugs,51.518098,-0.068896,1687731
3094,cautioned,Offender given a caution,shoplifting,51.505066,-0.017558,1694219
3095,no-further-action,Investigation complete; no suspect identified,vehicle-crime,51.514893,-0.035623,1692221
3096,no-further-action,Investigation complete; no suspect identified,theft-from-the-person,51.519161,-0.059165,1689073
3097,no-further-action,Investigation complete; no suspect identified,violent-crime,51.515559,-0.052385,1690196
3098,no-further-action,Investigation complete; no suspect identified,drugs,51.495738,-0.010514,1694889
3099,no-further-action,Investigation complete; no suspect identified,shoplifting,51.533273,-0.029122,1692949
3100,no-further-action,Investigation complete; no suspect identified,violent-crime,51.525289,-0.021192,1693828
3101,no-further-action,Investigation complete; no suspect identified,vehicle-crime,51.499832,-0.018073,1694165
3102,no-further-action,Investigation complete; no suspect identified,vehicle-crime,51.497515,-0.024657,1693406
3103,no-further-action,Investigation complete; no suspect identified,violent-crime,51.525476,-0.024845,1693114
3104,no-further-action,Investigation complete; no suspect identified,vehicle-crime,51.508008,-0.022993,1693470
3105,no-further-action,Investigation complete; no suspect identified,other-theft,51.519783,-0.073423,1687045
3106,no-further-action,Investigation complete; no suspect identified,theft-from-the-person,51.510033,-0.062939,1688678
3107,no-further-action,Investigation complete; no suspect identified,theft-from-the-person,51.510033,-0.062939,1688678
3108,no-further-action,Investigation complete; no suspect identified,burglary,51.496945,-0.021800,1693788
3109,no-further-action,Investigation complete; no suspect identified,violent-crime,51.513783,-0.067839,1687855
3110,no-further-action,Investigation complete; no suspect identified,shoplifting,51.516866,-0.066685,1688029
3111,no-further-action,Investigation complete; no suspect identified,violent-crime,51.504318,-0.065934,1688000
3112,no-further-action,Investigation complete; no suspect identified,burglary,51.496945,-0.021800,1693788
3113,no-further-action,Investigation complete; no suspect identified,theft-from-the-person,51.516866,-0.066685,1688029
3114,no-further-action,Investigation complete; no suspect identified,bicycle-theft,51.514509,-0.070460,1687297
3115,court-result-unavailable,Court result unavailable,possession-of-weapons,51.499395,-0.019360,1694094
3116,no-further-action,Investigation complete; no suspect identified,vehicle-crime,51.514847,-0.044705,1691123
3117,court-result-unavailable,Court result unavailable,violent-crime,51.514474,-0.042818,1691365
3118,no-further-action,Investigation complete; no suspect identified,shoplifting,51.526338,-0.065765,1688275
3119,no-further-action,Investigation complete; no suspect identified,violent-crime,51.511518,-0.018330,1694220
3120,no-further-action,Investigation complete; no suspect identified,burglary,51.517941,-0.074063,1686957
3121,no-further-action,Investigation complete; no suspect identified,shoplifting,51.496945,-0.021800,1693788
3122,no-further-action,Investigation complete; no suspect identified,robbery,51.520222,-0.075566,1686717
3123,no-further-action,Investigation complete; no suspect identified,other-theft,51.514338,-0.018135,1694138
3124,no-further-action,Investigation complete; no suspect identified,criminal-damage-arson,51.512324,-0.053618,1690011
3125,local-resolution,Local resolution,drugs,51.516834,-0.070175,1687414
3126,no-further-action,Investigation complete; no suspect identified,violent-crime,51.513982,-0.062469,1688782
3127,no-further-action,Investigation complete; no suspect identified,burglary,51.512472,-0.029631,1692843
3128,no-further-action,Investigation complete; no suspect identified,shoplifting,51.518307,-0.074999,1686743
3129,no-further-action,Investigation complete; no suspect identified,public-order,51.529116,-0.045088,1691002
3130,no-further-action,Investigation complete; no suspect identified,vehicle-crime,51.532141,-0.062131,1688885
3131,no-further-action,Investigation complete; no suspect identified,burglary,51.514893,-0.035623,1692221
3132,no-further-action,Investigation complete; no suspect identified,burglary,51.514893,-0.035623,1692221
3133,no-further-action,Investigation complete; no suspect identified,vehicle-crime,51.529982,-0.047992,1690761
3134,cautioned,Offender given a caution,drugs,51.500528,-0.023086,1693599
3135,no-further-action,Investigation complete; no suspect identified,public-order,51.514394,-0.038066,1691854
3136,no-further-action,Investigation complete; no suspect identified,theft-from-the-person,51.506463,-0.071708,1686673
3137,no-further-action,Investigation complete; no suspect identified,violent-crime,51.513145,-0.070100,1687562
3138,no-further-action,Investigation complete; no suspect identified,violent-crime,51.531462,-0.058555,1689196
3139,no-further-action,Investigation complete; no suspect identified,criminal-damage-arson,51.509427,0.000991,1696028
3140,no-further-action,Investigation complete; no suspect identified,vehicle-crime,51.515826,-0.072869,1687093
3141,no-further-action,Investigation complete; no suspect identified,vehicle-crime,51.529480,-0.051849,1690072
3142,court-result-unavailable,Court result unavailable,public-order,51.518735,-0.057886,1689435
3143,no-further-action,Investigation complete; no suspect identified,public-order,51.514459,-0.070160,1687547
3144,no-further-action,Investigation complete; no suspect identified,violent-crime,51.510253,-0.055609,1689730
3145,no-further-action,Investigation complete; no suspect identified,public-order,51.510616,-0.026728,1693102
3146,no-further-action,Investigation complete; no suspect identified,bicycle-theft,51.540393,-0.021546,1693759
3147,no-further-action,Investigation complete; no suspect identified,violent-crime,51.517185,-0.039329,1691837
3148,no-further-action,Investigation complete; no suspect identified,criminal-damage-arson,51.527898,-0.058433,1689322
3149,no-further-action,Investigation complete; no suspect identified,violent-crime,51.514017,-0.026264,1693258
3150,no-further-action,Investigation complete; no suspect identified,theft-from-the-person,51.514856,-0.068615,1687650
3151,no-further-action,Investigation complete; no suspect identified,robbery,51.524933,-0.035364,1692207
3152,no-further-action,Investigation complete; no suspect identified,violent-crime,51.512784,-0.048281,1690740
3153,court-result-unavailable,Court result unavailable,drugs,51.510507,-0.070442,1687453
3154,no-further-action,Investigation complete; no suspect identified,vehicle-crime,51.492724,-0.025844,1693371
3155,no-further-action,Investigation complete; no suspect identified,violent-crime,51.514545,-0.057920,1689420
3156,no-further-action,Investigation complete; no suspect identified,violent-crime,51.514545,-0.057920,1689420
3157,no-further-action,Investigation complete; no suspect identified,burglary,51.511580,-0.000802,1695868
3158,no-further-action,Investigation complete; no suspect identified,public-order,51.527222,-0.055578,1689738
3159,no-further-action,Investigation complete; no suspect identified,vehicle-crime,51.504558,-0.033344,1692349
3160,no-further-action,Investigation complete; no suspect identified,other-theft,51.519919,-0.028589,1693033
3161,no-further-action,Investigation complete; no suspect identified,vehicle-crime,51.514762,-0.062335,1688765
3162,no-further-action,Investigation complete; no suspect identified,vehicle-crime,51.514762,-0.062335,1688765
3163,no-further-action,Investigation complete; no suspect identified,robbery,51.521966,-0.046649,1690951
3164,no-further-action,Investigation complete; no suspect identified,violent-crime,51.498093,-0.018941,1694048
3165,no-further-action,Investigation complete; no suspect identified,vehicle-crime,51.513204,-0.044343,1691134
3166,no-further-action,Investigation complete; no suspect identified,violent-crime,51.525145,-0.042072,1691392
3167,no-further-action,Investigation complete; no suspect identified,vehicle-crime,51.515372,-0.032532,1692614
3168,no-further-action,Investigation complete; no suspect identified,robbery,51.515313,-0.072300,1687197
3169,no-further-action,Investigation complete; no suspect identified,criminal-damage-arson,51.519759,-0.041078,1691594
3170,no-further-action,Investigation complete; no suspect identified,bicycle-theft,51.516128,-0.071588,1687357
3171,no-further-action,Investigation complete; no suspect identified,burglary,51.518077,-0.038902,1691808
3172,no-further-action,Investigation complete; no suspect identified,violent-crime,51.521122,-0.011945,1694913
3173,no-further-action,Investigation complete; no suspect identified,violent-crime,51.512983,-0.049440,1690500
3174,no-further-action,Investigation complete; no suspect identified,violent-crime,51.526016,-0.026451,1693191
3175,no-further-action,Investigation complete; no suspect identified,criminal-damage-arson,51.512007,-0.047521,1690796
3176,no-further-action,Investigation complete; no suspect identified,violent-crime,51.517505,-0.074369,1686735
3177,no-further-action,Investigation complete; no suspect identified,vehicle-crime,51.528239,-0.048067,1690744
3178,no-further-action,Investigation complete; no suspect identified,public-order,51.519783,-0.073423,1687045
3179,no-further-action,Investigation complete; no suspect identified,shoplifting,51.496945,-0.021800,1693788
3180,no-further-action,Investigation complete; no suspect identified,criminal-damage-arson,51.514445,-0.015926,1694434
3181,no-further-action,Investigation complete; no suspect identified,violent-crime,51.489206,-0.008191,1695182
3182,no-further-action,Investigation complete; no suspect identified,criminal-damage-arson,51.525166,-0.028347,1693017
3183,no-further-action,Investigation complete; no suspect identified,bicycle-theft,51.516128,-0.071588,1687357
3184,no-further-action,Investigation complete; no suspect identified,theft-from-the-person,51.524583,-0.033764,1692374
3185,no-further-action,Investigation complete; no suspect identified,public-order,51.529677,-0.049072,1690559
3186,no-further-action,Investigation complete; no suspect identified,other-theft,51.522154,-0.073798,1686916
3187,no-further-action,Investigation complete; no suspect identified,public-order,51.521966,-0.046649,1690951
3188,no-further-action,Investigation complete; no suspect identified,theft-from-the-person,51.513474,-0.048655,1690714
3189,no-further-action,Investigation complete; no suspect identified,other-theft,51.516679,-0.072257,1687165
3190,no-further-action,Investigation complete; no suspect identified,burglary,51.510629,-0.039308,1691770
3191,no-further-action,Investigation complete; no suspect identified,violent-crime,51.504397,-0.014157,1694586
3192,no-further-action,Investigation complete; no suspect identified,vehicle-crime,51.530069,-0.064064,1688461
3193,no-further-action,Investigation complete; no suspect identified,burglary,51.522102,-0.017294,1694307
3194,court-result-unavailable,Court result unavailable,public-order,51.512472,-0.029631,1692843
3195,no-further-action,Investigation complete; no suspect identified,violent-crime,51.519239,-0.041706,1691483
3196,no-further-action,Investigation complete; no suspect identified,other-theft,51.519117,-0.074518,1686849
3197,no-further-action,Investigation complete; no suspect identified,bicycle-theft,51.494253,-0.013619,1694668
3198,no-further-action,Investigation complete; no suspect identified,shoplifting,51.498025,-0.021336,1693840
3199,no-further-action,Investigation complete; no suspect identified,other-theft,51.528117,-0.053709,1689926
3200,court-result-unavailable,Court result unavailable,violent-crime,51.530577,-0.045891,1690829
3201,local-resolution,Local resolution,drugs,51.518226,-0.007704,1695145
3202,no-further-action,Investigation complete; no suspect identified,violent-crime,51.527115,-0.025495,1693303
3203,no-further-action,Investigation complete; no suspect identified,other-theft,51.521537,-0.072354,1687198
3204,no-further-action,Investigation complete; no suspect identified,burglary,51.522154,-0.073798,1686916
3205,no-further-action,Investigation complete; no suspect identified,burglary,51.518690,-0.026609,1693155
3206,no-further-action,Investigation complete; no suspect identified,other-theft,51.514338,-0.018135,1694138
3207,no-further-action,Investigation complete; no suspect identified,violent-crime,51.519161,-0.059165,1689073
3208,court-result-unavailable,Court result unavailable,burglary,51.511164,-0.075401,1490951
3209,no-further-action,Investigation complete; no suspect identified,shoplifting,51.513145,-0.070100,1687562
3210,no-further-action,Investigation complete; no suspect identified,burglary,51.502848,-0.009254,1695004
3211,no-further-action,Investigation complete; no suspect identified,violent-crime,51.499731,-0.009476,1695119
3212,no-further-action,Investigation complete; no suspect identified,other-crime,51.514742,-0.072148,1687260
3213,no-further-action,Investigation complete; no suspect identified,bicycle-theft,51.516866,-0.066685,1688029
3214,no-further-action,Investigation complete; no suspect identified,violent-crime,51.528223,-0.033651,1692505
3215,no-further-action,Investigation complete; no suspect identified,violent-crime,51.496903,-0.007625,1695358
3216,no-further-action,Investigation complete; no suspect identified,drugs,51.509890,-0.010892,1695009
3217,no-further-action,Investigation complete; no suspect identified,other-theft,51.522046,-0.075475,1686645
3218,no-further-action,Investigation complete; no suspect identified,vehicle-crime,51.526016,-0.026451,1693191
3219,no-further-action,Investigation complete; no suspect identified,violent-crime,51.534485,-0.060286,1689080
3220,no-further-action,Investigation complete; no suspect identified,violent-crime,51.518289,-0.072673,1687130
3221,no-further-action,Investigation complete; no suspect identified,burglary,51.523868,-0.012143,1694904
3222,no-further-action,Investigation complete; no suspect identified,theft-from-the-person,51.535369,-0.056139,1689651
3223,court-result-unavailable,Court result unavailable,violent-crime,51.498093,-0.018941,1694048
3224,no-further-action,Investigation complete; no suspect identified,violent-crime,51.520154,-0.017450,1694254
3225,no-further-action,Investigation complete; no suspect identified,violent-crime,51.511281,-0.043892,1691286
3226,no-further-action,Investigation complete; no suspect identified,drugs,51.522203,-0.020590,1693815
3227,no-further-action,Investigation complete; no suspect identified,violent-crime,51.525105,-0.035947,1692139
3228,no-further-action,Investigation complete; no suspect identified,burglary,51.518690,-0.026609,1693155
3229,no-further-action,Investigation complete; no suspect identified,other-theft,51.511965,-0.075453,1490950
3230,no-further-action,Investigation complete; no suspect identified,violent-crime,51.525145,-0.042072,1691392
3231,no-further-action,Investigation complete; no suspect identified,violent-crime,51.509427,0.000991,1696028
3232,no-further-action,Investigation complete; no suspect identified,drugs,51.506460,-0.063307,1688572
3233,no-further-action,Investigation complete; no suspect identified,robbery,51.515684,-0.071909,1687267
3234,no-further-action,Investigation complete; no suspect identified,other-theft,51.518209,-0.067435,1687912
3235,no-further-action,Investigation complete; no suspect identified,robbery,51.510648,-0.019016,1694120
3236,court-result-unavailable,Court result unavailable,violent-crime,51.519374,-0.027733,1693079
3237,court-result-unavailable,Court result unavailable,drugs,51.516558,-0.071440,1687374
3238,no-further-action,Investigation complete; no suspect identified,violent-crime,51.489206,-0.008191,1695182
3239,no-further-action,Investigation complete; no suspect identified,public-order,51.530052,-0.031698,1692657
3240,no-further-action,Investigation complete; no suspect identified,shoplifting,51.503073,-0.018600,1693936
3241,no-further-action,Investigation complete; no suspect identified,other-theft,51.519775,-0.071852,1687106
3242,no-further-action,Investigation complete; no suspect identified,violent-crime,51.534965,-0.029755,1692857
3243,no-further-action,Investigation complete; no suspect identified,other-crime,51.519775,-0.071852,1687106
3244,no-further-action,Investigation complete; no suspect identified,public-order,51.522582,-0.070840,1687370
3245,no-further-action,Investigation complete; no suspect identified,violent-crime,51.527833,-0.021673,1693795
3246,no-further-action,Investigation complete; no suspect identified,violent-crime,51.518898,-0.077078,1686429
3247,no-further-action,Investigation complete; no suspect identified,criminal-damage-arson,51.509083,-0.022211,1693675
3248,no-further-action,Investigation complete; no suspect identified,criminal-damage-arson,51.509083,-0.022211,1693675
3249,no-further-action,Investigation complete; no suspect identified,robbery,51.516942,-0.073485,1687007
3250,no-further-action,Investigation complete; no suspect identified,other-theft,51.534485,-0.060286,1689080
3251,no-further-action,Investigation complete; no suspect identified,shoplifting,51.505114,-0.020928,1693749
3252,no-further-action,Investigation complete; no suspect identified,burglary,51.526045,-0.071443,1687318
3253,penalty-notice-issued,Offender given penalty notice,drugs,51.526594,-0.060564,1688982
3254,no-further-action,Investigation complete; no suspect identified,violent-crime,51.508008,-0.022993,1693470
3255,no-further-action,Investigation complete; no suspect identified,violent-crime,51.520093,-0.051413,1690146
3256,no-further-action,Investigation complete; no suspect identified,other-theft,51.513893,-0.070746,1687378
3257,no-further-action,Investigation complete; no suspect identified,other-theft,51.529079,-0.063472,1688617
3258,no-further-action,Investigation complete; no suspect identified,violent-crime,51.514742,-0.072148,1687260
3259,no-further-action,Investigation complete; no suspect identified,violent-crime,51.513019,-0.044005,1691255
3260,no-further-action,Investigation complete; no suspect identified,criminal-damage-arson,51.525105,-0.035947,1692139
3261,no-further-action,Investigation complete; no suspect identified,criminal-damage-arson,51.525105,-0.035947,1692139
3262,no-further-action,Investigation complete; no suspect identified,criminal-damage-arson,51.525105,-0.035947,1692139
3263,no-further-action,Investigation complete; no suspect identified,robbery,51.510311,-0.009202,1695159
3264,no-further-action,Investigation complete; no suspect identified,shoplifting,51.503680,-0.015932,1694399
3265,no-further-action,Investigation complete; no suspect identified,violent-crime,51.522164,-0.046164,1691015
3266,no-further-action,Investigation complete; no suspect identified,theft-from-the-person,51.520093,-0.051413,1690146
3267,no-further-action,Investigation complete; no suspect identified,violent-crime,51.527225,-0.060148,1689125
3268,no-further-action,Investigation complete; no suspect identified,other-theft,51.515951,-0.025286,1693352
3269,no-further-action,Investigation complete; no suspect identified,other-theft,51.515951,-0.025286,1693352
3270,no-further-action,Investigation complete; no suspect identified,public-order,51.522253,-0.018224,1694150
3271,no-further-action,Investigation complete; no suspect identified,violent-crime,51.498530,-0.024066,1693456
3272,no-further-action,Investigation complete; no suspect identified,violent-crime,51.509345,-0.062104,1688830
3273,no-further-action,Investigation complete; no suspect identified,criminal-damage-arson,51.511809,-0.073067,1687131
3274,no-further-action,Investigation complete; no suspect identified,violent-crime,51.514847,-0.044705,1691123
3275,local-resolution,Local resolution,drugs,51.511282,-0.056934,1689608
3276,no-further-action,Investigation complete; no suspect identified,violent-crime,51.525145,-0.042072,1691392
3277,no-further-action,Investigation complete; no suspect identified,other-theft,51.531506,-0.025680,1693343
3278,no-further-action,Investigation complete; no suspect identified,violent-crime,51.518077,-0.038902,1691808
3279,no-further-action,Investigation complete; no suspect identified,violent-crime,51.522815,-0.058245,1689238
3280,no-further-action,Investigation complete; no suspect identified,vehicle-crime,51.529714,-0.065420,1688230
3281,no-further-action,Investigation complete; no suspect identified,other-theft,51.528782,-0.069467,1687714
3282,court-result-unavailable,Court result unavailable,drugs,51.526529,-0.022724,1693594
3283,no-further-action,Investigation complete; no suspect identified,other-theft,51.525876,-0.046006,1691031
3284,no-further-action,Investigation complete; no suspect identified,violent-crime,51.517961,-0.048665,1690578
3285,no-further-action,Investigation complete; no suspect identified,criminal-damage-arson,51.522046,-0.075475,1686645
3286,no-further-action,Investigation complete; no suspect identified,theft-from-the-person,51.526942,-0.024868,1693491
3287,no-further-action,Investigation complete; no suspect identified,theft-from-the-person,51.522046,-0.075475,1686645
3288,no-further-action,Investigation complete; no suspect identified,theft-from-the-person,51.522046,-0.075475,1686645
3289,no-further-action,Investigation complete; no suspect identified,other-theft,51.525166,-0.028347,1693017
3290,no-further-action,Investigation complete; no suspect identified,violent-crime,51.512371,-0.055894,1689711
3291,no-further-action,Investigation complete; no suspect identified,robbery,51.520402,-0.046744,1690852
3292,no-further-action,Investigation complete; no suspect identified,robbery,51.523216,-0.019855,1694001
3293,no-further-action,Investigation complete; no suspect identified,violent-crime,51.528117,-0.053709,1689926
3294,no-further-action,Investigation complete; no suspect identified,robbery,51.515830,-0.014885,1694473
3295,no-further-action,Investigation complete; no suspect identified,vehicle-crime,51.496945,-0.021800,1693788
3296,no-further-action,Investigation complete; no suspect identified,other-theft,51.527355,-0.024274,1693444
3297,no-further-action,Investigation complete; no suspect identified,violent-crime,51.518222,-0.025563,1693260
3298,no-further-action,Investigation complete; no suspect identified,criminal-damage-arson,51.520642,-0.041675,1691523
3299,no-further-action,Investigation complete; no suspect identified,vehicle-crime,51.515533,-0.049720,1690490
3300,no-further-action,Investigation complete; no suspect identified,other-theft,51.514451,-0.028594,1692988
3301,no-further-action,Investigation complete; no suspect identified,violent-crime,51.527225,-0.060148,1689125
3302,no-further-action,Investigation complete; no suspect identified,violent-crime,51.540081,-0.023261,1693496
3303,no-further-action,Investigation complete; no suspect identified,violent-crime,51.514955,-0.021092,1693808
3304,no-further-action,Investigation complete; no suspect identified,violent-crime,51.512324,-0.053618,1690011
3305,no-further-action,Investigation complete; no suspect identified,theft-from-the-person,51.518200,-0.076142,1686480
3306,no-further-action,Investigation complete; no suspect identified,violent-crime,51.488019,-0.015618,1694431
3307,no-further-action,Investigation complete; no suspect identified,vehicle-crime,51.513749,-0.017325,1694330
3308,court-result-unavailable,Court result unavailable,violent-crime,51.532536,-0.032917,1692409
3309,no-further-action,Investigation complete; no suspect identified,other-theft,51.520222,-0.075566,1686717
3310,no-further-action,Investigation complete; no suspect identified,possession-of-weapons,51.529079,-0.063472,1688617
3311,no-further-action,Investigation complete; no suspect identified,violent-crime,51.510330,-0.046700,1690922
3312,no-further-action,Investigation complete; no suspect identified,violent-crime,51.528791,-0.020896,1693823
3313,no-further-action,Investigation complete; no suspect identified,robbery,51.511140,-0.016228,1694389
3314,no-further-action,Investigation complete; no suspect identified,other-theft,51.506657,-0.005874,1695458
3315,no-further-action,Investigation complete; no suspect identified,violent-crime,51.510507,-0.070442,1687453
3316,no-further-action,Investigation complete; no suspect identified,violent-crime,51.528179,-0.048790,1690529
3317,no-further-action,Investigation complete; no suspect identified,violent-crime,51.498839,-0.010927,1694908
3318,no-further-action,Investigation complete; no suspect identified,theft-from-the-person,51.522550,-0.039618,1691756
3319,no-further-action,Investigation complete; no suspect identified,shoplifting,51.512562,-0.021614,1693814
3320,no-further-action,Investigation complete; no suspect identified,robbery,51.516128,-0.071588,1687357
3321,no-further-action,Investigation complete; no suspect identified,robbery,51.524494,-0.073959,1686959
3322,no-further-action,Investigation complete; no suspect identified,violent-crime,51.511719,-0.013205,1694734
3323,no-further-action,Investigation complete; no suspect identified,robbery,51.533693,-0.025239,1693298
3324,no-further-action,Investigation complete; no suspect identified,violent-crime,51.508008,-0.022993,1693470
3325,no-further-action,Investigation complete; no suspect identified,shoplifting,51.511164,-0.075401,1490951
3326,no-further-action,Investigation complete; no suspect identified,criminal-damage-arson,51.514128,-0.053354,1689918
3327,no-further-action,Investigation complete; no suspect identified,criminal-damage-arson,51.525133,-0.046254,1690986
3328,no-further-action,Investigation complete; no suspect identified,theft-from-the-person,51.520466,-0.073971,1686928
3329,no-further-action,Investigation complete; no suspect identified,public-order,51.523806,-0.057309,1689533
3330,no-further-action,Investigation complete; no suspect identified,violent-crime,51.525476,-0.024845,1693114
3331,no-further-action,Investigation complete; no suspect identified,shoplifting,51.533273,-0.029122,1692949
3332,no-further-action,Investigation complete; no suspect identified,violent-crime,51.521308,-0.046576,1690975
3333,no-further-action,Investigation complete; no suspect identified,violent-crime,51.527340,-0.058889,1689163
3334,no-further-action,Investigation complete; no suspect identified,other-theft,51.511719,-0.013205,1694734
3335,no-further-action,Investigation complete; no suspect identified,theft-from-the-person,51.523634,-0.075769,1686579
3336,no-further-action,Investigation complete; no suspect identified,other-theft,51.513019,-0.044005,1691255
3337,no-further-action,Investigation complete; no suspect identified,other-theft,51.533714,-0.032347,1692621
3338,no-further-action,Investigation complete; no suspect identified,burglary,51.538760,-0.023895,1693443
3339,no-further-action,Investigation complete; no suspect identified,violent-crime,51.528179,-0.048790,1690529
3340,no-further-action,Investigation complete; no suspect identified,violent-crime,51.528179,-0.048790,1690529
3341,no-further-action,Investigation complete; no suspect identified,criminal-damage-arson,51.523644,-0.017501,1694130
3342,no-further-action,Investigation complete; no suspect identified,drugs,51.515795,-0.043324,1691223
3343,no-further-action,Investigation complete; no suspect identified,other-theft,51.514856,-0.068615,1687650
3344,no-further-action,Investigation complete; no suspect identified,vehicle-crime,51.527166,-0.034431,1692398
3345,no-further-action,Investigation complete; no suspect identified,other-theft,51.515911,-0.064405,1688313
3346,no-further-action,Investigation complete; no suspect identified,violent-crime,51.526338,-0.065765,1688275
3347,no-further-action,Investigation complete; no suspect identified,public-order,51.512038,-0.035385,1692262
3348,no-further-action,Investigation complete; no suspect identified,violent-crime,51.517692,-0.020800,1693907
3349,no-further-action,Investigation complete; no suspect identified,violent-crime,51.513377,-0.019272,1693982
3350,no-further-action,Investigation complete; no suspect identified,violent-crime,51.513377,-0.019272,1693982
3351,no-further-action,Investigation complete; no suspect identified,violent-crime,51.530916,-0.023168,1693610
3352,no-further-action,Investigation complete; no suspect identified,violent-crime,51.510032,-0.043917,1691252
3353,no-further-action,Investigation complete; no suspect identified,criminal-damage-arson,51.528722,-0.036080,1692177
3354,no-further-action,Investigation complete; no suspect identified,other-theft,51.514451,-0.028594,1692988
3355,no-further-action,Investigation complete; no suspect identified,violent-crime,51.510671,-0.045575,1690992
3356,no-further-action,Investigation complete; no suspect identified,other-theft,51.530577,-0.045891,1690829
3357,no-further-action,Investigation complete; no suspect identified,violent-crime,51.528558,-0.019897,1693956
3358,no-further-action,Investigation complete; no suspect identified,violent-crime,51.506796,-0.060800,1688957
3359,no-further-action,Investigation complete; no suspect identified,shoplifting,51.535691,-0.022979,1693489
3360,local-resolution,Local resolution,drugs,51.527610,-0.020702,1693861
3361,no-further-action,Investigation complete; no suspect identified,other-theft,51.523751,-0.075778,1686629
3362,no-further-action,Investigation complete; no suspect identified,other-theft,51.526024,-0.063616,1688614
3363,no-further-action,Investigation complete; no suspect identified,drugs,51.519576,-0.057605,1689443
3364,no-further-action,Investigation complete; no suspect identified,other-theft,51.537563,-0.044755,1691117
3365,no-further-action,Investigation complete; no suspect identified,other-theft,51.515392,-0.004974,1695528
3366,no-further-action,Investigation complete; no suspect identified,theft-from-the-person,51.526367,-0.061511,1688905
3367,no-further-action,Investigation complete; no suspect identified,other-theft,51.520378,-0.068641,1687670
3368,no-further-action,Investigation complete; no suspect identified,vehicle-crime,51.512265,-0.039786,1691738
3369,no-further-action,Investigation complete; no suspect identified,robbery,51.519576,-0.057605,1689443
3370,no-further-action,Investigation complete; no suspect identified,theft-from-the-person,51.521966,-0.046649,1690951
3371,no-further-action,Investigation complete; no suspect identified,theft-from-the-person,51.521966,-0.046649,1690951
3372,no-further-action,Investigation complete; no suspect identified,theft-from-the-person,51.522046,-0.075475,1686645
3373,no-further-action,Investigation complete; no suspect identified,violent-crime,51.508688,-0.012674,1694837
3374,no-further-action,Investigation complete; no suspect identified,violent-crime,51.525145,-0.042072,1691392
3375,no-further-action,Investigation complete; no suspect identified,violent-crime,51.514474,-0.042818,1691365
3376,no-further-action,Investigation complete; no suspect identified,violent-crime,51.522820,-0.046136,1690972
3377,no-further-action,Investigation complete; no suspect identified,violent-crime,51.524933,-0.035364,1692207
3378,no-further-action,Investigation complete; no suspect identified,violent-crime,51.509083,-0.022211,1693675
3379,no-further-action,Investigation complete; no suspect identified,violent-crime,51.519374,-0.027733,1693079
3380,no-further-action,Investigation complete; no suspect identified,violent-crime,51.513509,-0.040482,1691668
3381,no-further-action,Investigation complete; no suspect identified,criminal-damage-arson,51.526318,-0.013463,1694675
3382,no-further-action,Investigation complete; no suspect identified,shoplifting,51.505066,-0.017558,1694219
3383,local-resolution,Local resolution,drugs,51.515225,-0.069709,1687574
3384,no-further-action,Investigation complete; no suspect identified,theft-from-the-person,51.512265,-0.039786,1691738
3385,no-further-action,Investigation complete; no suspect identified,theft-from-the-person,51.519161,-0.059165,1689073
3386,no-further-action,Investigation complete; no suspect identified,shoplifting,51.519052,-0.076567,1686514
3387,no-further-action,Investigation complete; no suspect identified,violent-crime,51.513509,-0.040482,1691668
3388,no-further-action,Investigation complete; no suspect identified,violent-crime,51.529079,-0.063472,1688617
3389,no-further-action,Investigation complete; no suspect identified,vehicle-crime,51.498025,-0.021336,1693840
3390,no-further-action,Investigation complete; no suspect identified,violent-crime,51.534485,-0.029041,1692963
3391,no-further-action,Investigation complete; no suspect identified,violent-crime,51.517119,-0.040226,1691672
3392,no-further-action,Investigation complete; no suspect identified,burglary,51.533358,-0.057970,1689287
3393,no-further-action,Investigation complete; no suspect identified,violent-crime,51.525145,-0.042072,1691392
3394,no-further-action,Investigation complete; no suspect identified,other-theft,51.515971,-0.075674,1686701
3395,no-further-action,Investigation complete; no suspect identified,public-order,51.517558,-0.028301,1693069
3396,no-further-action,Investigation complete; no suspect identified,violent-crime,51.529671,-0.015509,1694354
3397,no-further-action,Investigation complete; no suspect identified,violent-crime,51.492271,-0.025633,1693362
3398,no-further-action,Investigation complete; no suspect identified,vehicle-crime,51.511580,-0.000802,1695868
3399,no-further-action,Investigation complete; no suspect identified,violent-crime,51.494676,-0.025370,1693388
3400,court-result-unavailable,Court result unavailable,violent-crime,51.510629,-0.039308,1691770
